Image,Name
https://drive.google.com/file/d/1agACToHkWhDmNIHThNfXgoaZQzoBzUw1/view?usp=drive_link,1.jpg
https://drive.google.com/file/d/1ZodO1F5ZuiDVjiFxjsv5k2GCuLpQwIRf/view?usp=sharing,2.jpg
https://drive.google.com/file/d/1OpOhL2p65K4b_HCgRQpLm16ZlkzUCe2s/view?usp=sharing,3.jpg
https://drive.google.com/file/d/1Yt4G6HZMK_t-ihnEQ6iXy7znjFBPDG8C/view?usp=sharing,4.jpg
https://drive.google.com/file/d/1un3NKc9Sb0zVmL2t-X9oQ68FQeyI49D6/view?usp=sharing,5.jpg
https://drive.google.com/file/d/1LeCW8Zaw5qO3kfJKG0mZmeeHjw8dApHc/view?usp=sharing,6.jpg
https://drive.google.com/file/d/12S8nfxTZe8xGCPO8jz-sGM6I1c8zCe1q/view?usp=sharing,7.jpg
https://drive.google.com/file/d/1Zwj-98ezSg12UdfsYVfxCdgM2a2O6XHw/view?usp=sharing,8.jpg
https://drive.google.com/file/d/1npkE7h685FSS9kM33IyEeOyngro5KOvm/view?usp=sharing,9.jpg
https://drive.google.com/file/d/1nVCrQvzsMF5KCRUZMiYr0rakkwQqslrO/view?usp=sharing,10.jpg
https://drive.google.com/file/d/1FcB5CvXNaJdV8qJE0nz1NN6MVKPtk2zJ/view?usp=sharing,11.jpg
https://drive.google.com/file/d/1No3R7ItN8sCZWVE76oQA483ECW65wV2l/view?usp=sharing,12.jpg
https://drive.google.com/file/d/1RKi9OcuyFaniZ5jGBXttumHbaAOKNP2G/view?usp=sharing,13.jpg
https://drive.google.com/file/d/1Ufz-pbEsTswKD1WwWeGUqfBKkpWje2t7/view?usp=sharing,14.jpg
https://drive.google.com/file/d/1mTDpifErX2S2EJttSEMaqR6mz1MpzjR7/view?usp=sharing,15.jpg
https://drive.google.com/file/d/1RnImJE-U_C1bMfkgSBjJk7I4RaUqraB1/view?usp=sharing,16.jpg
https://drive.google.com/file/d/1DttLONiIj8xl29lRpUM8ExKkKo4JbVNe/view?usp=sharing,17.jpg
https://drive.google.com/file/d/1L13QcCiq5pWIaUjHGkFhwwQeosh7S9tG/view?usp=sharing,18.jpg
https://drive.google.com/file/d/1LkIEzSKHGt3ThPYYrQWPZjfUroEcuFve/view?usp=sharing,19.jpg
https://drive.google.com/file/d/1xUVHP-lj26dCvOIiMMMta2bgIGRH5hR9/view?usp=sharing,20.jpg
https://drive.google.com/file/d/1JLyALw0FAi4CqbIXE3sRzXwYRToDyEgw/view?usp=sharing,21.jpg
https://drive.google.com/file/d/1sp47R6r1ixHVuH4FTKwHC2nrZaym61Iy/view?usp=sharing,22.jpg
https://drive.google.com/file/d/1Dyk0jx8bXiVMVELskA1wH2t85AfZV8H8/view?usp=sharing,23.jpg
https://drive.google.com/file/d/1f7AX8AtByV-EKIO86OXhrR2a6P9gCwXU/view?usp=sharing,24.jpg
https://drive.google.com/file/d/1vQbs0ifLnQbnC1ejFEq6WujzKLqZl7vv/view?usp=sharing,25.jpg
https://drive.google.com/file/d/16jiyG_dY7BTG2s8QjNuSQJn_RwkLlqXH/view?usp=sharing,26.jpg
https://drive.google.com/file/d/1V-HyzPWcCSIQCjmLetck1SbZQT1cVtgr/view?usp=sharing,27.jpg
https://drive.google.com/file/d/1erMRFTmY4lmvlMrKvVk2If-RizKCWZ0l/view?usp=sharing,28.jpg
https://drive.google.com/file/d/1j_wTSZ6LyYqWqgOAZFYdxFtjd0jBduSd/view?usp=sharing,29.jpg
https://drive.google.com/file/d/1U_K5bUwiMW3lKA5YyP16zf6zBUfbJBlZ/view?usp=sharing,30.jpg
https://drive.google.com/file/d/1_T7rY6ZMUGkrrUUDGpQvHEG53QIE1J_h/view?usp=sharing,31.jpg
https://drive.google.com/file/d/1GCrKOzwl1UC_Ekj6ZbzSSgZLWAASM60G/view?usp=sharing,32.jpg
https://drive.google.com/file/d/1aUoa1C9eagfLdwz6V8WTzXzAjHHYPXaJ/view?usp=sharing,33.jpg
https://drive.google.com/file/d/1PHmQe4AQ2pdApKjmB9uPD73GJXIyik1b/view?usp=sharing,34.jpg
https://drive.google.com/file/d/17IOmNhMDq3epnJGE8TemGWfg4KUWPytl/view?usp=sharing,35.jpg
https://drive.google.com/file/d/1iFL-df-zgCCAJLsGw8Thh-FkkGSlVrbM/view?usp=sharing,36.jpg
https://drive.google.com/file/d/1cJz2W2jQrnpZ4LfT39NhgX0UGBztrPPa/view?usp=sharing,37.jpg
https://drive.google.com/file/d/1MSvkZ7ilWBOwRh_oL2pAafze77-a_M3n/view?usp=sharing,38.jpg
https://drive.google.com/file/d/1wsTsWXkjfok0Sn3yNthn2D51nUUgPfAo/view?usp=sharing,39.jpg
https://drive.google.com/file/d/1JqWIAI0rY_t0uGgYnmPOToM6KeNWRxvn/view?usp=sharing,40.jpg
https://drive.google.com/file/d/1XdpsyI2ipYQdebyRJI6icWGBOLJlNXCD/view?usp=sharing,41.jpg
https://drive.google.com/file/d/1peJsSeWbW75_7SXUaFUQcsUBkEkp3q7I/view?usp=sharing,42.jpg
https://drive.google.com/file/d/1N6vR25DLC0FZk7m0Kj9cqT3vnyjdyQOA/view?usp=sharing,43.jpg
https://drive.google.com/file/d/1_v0XVyjgJOJpCTokQcFjgQ8I8d4-jNxu/view?usp=sharing,44.jpg
https://drive.google.com/file/d/1DDUHB-Z2PNw0gY0ymtiflHQj1EUSuaTn/view?usp=sharing,45.jpg
https://drive.google.com/file/d/14a4DahQYPIJ3NTQ9Unf1v00amnMGcw0k/view?usp=sharing,46.jpg
https://drive.google.com/file/d/1WzyVq9WXRsCbwmV-3XbVYvTo1EVSJtPA/view?usp=sharing,47.jpg
https://drive.google.com/file/d/12ozsRqQm34HuapdP-IpswqSXrE7BODWH/view?usp=sharing,48.jpg
https://drive.google.com/file/d/1EAtQYOc6-pRw8ER3iMMHuueRb5q52TRs/view?usp=sharing,49.jpg
https://drive.google.com/file/d/1HsDUCeU29zHEdpx6zFJUNO-bHxtE6WBU/view?usp=sharing,50.jpg
https://drive.google.com/file/d/1HUpZhRLel0QTYYZM64ONySSJM68ju4jm/view?usp=sharing,51.jpg
https://drive.google.com/file/d/1vmEFLzq1i5guQSpr0uE5nLlEbZHH1whv/view?usp=sharing,52.jpg
https://drive.google.com/file/d/1HrKlnH59LbjyVK-GI-f2xW5XO6qf-E0n/view?usp=drive_link,53.jpg
https://drive.google.com/file/d/1_2rE9XRzKQTqhk0TQjBqftLX-RvYtkqL/view?usp=sharing,54.jpg
https://drive.google.com/file/d/1Gf9_VnvtNkCVWOZu8VQ1INYnQFjRuB7m/view?usp=sharing,55.jpg
https://drive.google.com/file/d/1nUDKdq79IsojabL_DGbGTayRJ_gaEEvX/view?usp=sharing,56.jpg
https://drive.google.com/file/d/1q13omJofjfnPiBpNlEwv-3_ZALGQEk6h/view?usp=sharing,57.jpg
https://drive.google.com/file/d/1EpHgRDVH_feHDPXh7Ptof9LRiMAbgzmF/view?usp=drive_link,58.jpg
https://drive.google.com/file/d/1pQHZTO39FaMtxe96k3wQ-bwUufBsPYvC/view?usp=sharing,59.jpg
https://drive.google.com/file/d/1m2yphQK0LLL61Rlq02EFx3go55_lqkG2/view?usp=drive_link,60.jpg
https://drive.google.com/file/d/1UQUxh_q4Zs7kGC8b3M2bmKum6s_Et1PO/view?usp=drive_link,61.jpg
https://drive.google.com/file/d/1ruzqRzoiX02FLhAnwN6oJ70yaCOV9usy/view?usp=sharing,62.jpg
https://drive.google.com/file/d/1h6K5Zfme1ZXvFeEUrUxMpeqnVyoRZwcr/view?usp=sharing,63.jpg
https://drive.google.com/file/d/1mVvLFMRk8PiZFvRsqTGSwJz2jECVujOz/view?usp=drive_link,64.jpg
https://drive.google.com/file/d/1TxumgZzF-sUe89vA0r7UX4iTl9fyRYu1/view?usp=drive_link,65.jpg
https://drive.google.com/file/d/1XSzs9MSKzUi9VEjvSXdG4wuW6OFlE60F/view?usp=sharing,66.jpg
https://drive.google.com/file/d/1wCwgto6cdEuwAN3zGRHJfTtYQnaB_Rh4/view?usp=sharing,67.jpg
https://drive.google.com/file/d/1N-h1oDhAEgaw_56cFBMGZAp4l_MONTJU/view?usp=sharing,68.jpg
https://drive.google.com/file/d/1R2qiJM_IDzSxINZRkJ1oU9N7X9ZhWZBn/view?usp=sharing,69.jpg
https://drive.google.com/file/d/15VPmA2W3BJTESFcdDiE0Xg8dzS88Klsc/view?usp=sharing,70.jpg
https://drive.google.com/file/d/18Nfhp9FuaS1pKc7jTO3hXT4vzg-FI7Db/view?usp=sharing,71.jpg
https://drive.google.com/file/d/1P-A1Dw9BpwfIdrZwOnIWzDOp28x4JMYX/view?usp=sharing,72.jpg
https://drive.google.com/file/d/1azOE2eRIrdOPl9AdAR61tTkqUFdsq0zB/view?usp=sharing,73.jpg
https://drive.google.com/file/d/1fZ5gwS6hpP38y6RtFHzIC7gnpeeFtrLF/view?usp=sharing,74.jpg
https://drive.google.com/file/d/1LZ8XwsmS6Mv9US_1WNyY0mc2GBN-ABHf/view?usp=drive_link,75.jpg
https://drive.google.com/file/d/1C9qzCVMZ7rrXL8Njc7rKFEyQWGercs6i/view?usp=sharing,76.jpg
https://drive.google.com/file/d/1b4FsJv5cKIMQtEO-gCgq-Ezc9XEaINoP/view?usp=sharing,77.jpg
https://drive.google.com/file/d/1T7YdAdETacEaggsYW81HUKjoT_lV5Ptt/view?usp=sharing,78.jpg
https://drive.google.com/file/d/1oRVHiCteKOP5kuq94IS2VDj-UvycRI7V/view?usp=sharing,79.jpg
https://drive.google.com/file/d/1riJmfoH9pMuH_OSdp0f7YQKFJ6FTfNrO/view?usp=sharing,80.jpg
https://drive.google.com/file/d/1gJDoLG7URU4HHx8zhlc35lrAo1XCsO_8/view?usp=sharing,81.jpg
https://drive.google.com/file/d/1zs5Zen5SreRnD91mUn6rtDWU2U5Icoe_/view?usp=sharing,82.jpg
https://drive.google.com/file/d/138KwXI1ZSspZLnHlHYI_qShR6wXbuAKg/view?usp=drive_link,83.jpg
https://drive.google.com/file/d/1mnjPZpYIVahZEm1gr4Zu9gKZfMCjl2Tk/view?usp=sharing,84.jpg
https://drive.google.com/file/d/1OSRDlUvXTNnwLZlxsji3kxnfVjWLAKmD/view?usp=sharing,85.jpg
https://drive.google.com/file/d/18HsxK2zdx8J0wLQE1QZITsfajDWRjgaX/view?usp=sharing,86.jpg
https://drive.google.com/file/d/1qGMXNyoVsjti9RZVA8vAZ6RjVRacfgBv/view?usp=sharing,87.jpg
https://drive.google.com/file/d/1mrbFakYThg_L8kgL1XKMSA2sHZ2fCEJy/view?usp=sharing,88.jpg
https://drive.google.com/file/d/17rrY5glWx7HLnwQXqltgLjRQtnDJN7lu/view?usp=sharing,89.jpg
https://drive.google.com/file/d/1kw58e9iPvU1vOT2PxZuYepma0F30V2qn/view?usp=sharing,90.jpg
https://drive.google.com/file/d/1EAYPVHFKPfUOp3vNgYgsrQGqdKFYW-a8/view?usp=sharing,91.jpg
https://drive.google.com/file/d/1l7EYIU9EAQNPZ729hAe8kKcigikut6sh/view?usp=sharing,92.jpg
https://drive.google.com/file/d/12Cgn_OOe7x5Oai-qSUktQ4QZ57TSL-zp/view?usp=sharing,93.jpg
https://drive.google.com/file/d/1ukTeswERZcv2VvawZpW961W0jlu_DqhX/view?usp=sharing,94.jpg
https://drive.google.com/file/d/1AM2qqw6KqxiLXcRzVWGqDz1d2UkNtg0O/view?usp=drive_link,95.jpg
https://drive.google.com/file/d/16vjhskip-WmB6U7efSYebmldkcCFjLW_/view?usp=drive_link,96.jpg
https://drive.google.com/file/d/1LZX5Q9czPuvVzkKhTglyiF6nhzh1mqA1/view?usp=sharing,97.jpg
https://drive.google.com/file/d/1ZxZ_841mwj2NoY_cCWf9GHGmHmnONE6A/view?usp=sharing,98.jpg
https://drive.google.com/file/d/1FYlM1a2tGzuMSOP9mBCzc1EGii_cJCXM/view?usp=sharing,99.jpg
https://drive.google.com/file/d/15BOnlJB7SXDWnFaZP_Cm6vzosTdkmVsp/view?usp=sharing,100.jpg
https://drive.google.com/file/d/1UBORN__WOk3N5lP4X-qA_lwYYhlyyYqS/view?usp=sharing,101.jpg
https://drive.google.com/file/d/1qii6Tw7lK46f_BUds8kymQOtUEDhZqjV/view?usp=sharing,102.jpg
https://drive.google.com/file/d/1EVK1YWntA3eHXiFL5ok7Rw3ZBpkKE_D7/view?usp=sharing,103.jpg
https://drive.google.com/file/d/1ODCFk2IwiLjhCOU7VfcGrDWg9KqnAbY8/view?usp=sharing,104.jpg
https://drive.google.com/file/d/1OAp9LYrqE8Ecbtp9Stl7y6LnwRu5aQWi/view?usp=sharing,105.jpg
https://drive.google.com/file/d/18Kt5b4RM06dsw0M_iO5-4AVimFRtM3s3/view?usp=drive_link,106.jpg
https://drive.google.com/file/d/1r3qtHj-urHxM3pju6-ipIBlJU-tXgwex/view?usp=sharing,107.jpg
https://drive.google.com/file/d/10fLWhto09ulpTOoQ_oICa06UK6vWzttW/view?usp=sharing,108.jpg
https://drive.google.com/file/d/1cCdFnGwW1dNBLOO7cPWVry3DULHFtlcc/view?usp=sharing,109.jpg
https://drive.google.com/file/d/1V3qcOIHvtf7LmQss0ruGtHPfIMlyIauX/view?usp=sharing,110.jpg
https://drive.google.com/file/d/1Isymza3G0kL57wzhqwxZgxIn5utKL9wO/view?usp=sharing,111.jpg
https://drive.google.com/file/d/16uno5Nefcm3awk1lVSEJ8eocgzjkR5B0/view?usp=sharing,112.jpg
https://drive.google.com/file/d/1M2nmwy6Vs-FYWSeplo1FuQ51PqchzdnB/view?usp=sharing,113.jpg
https://drive.google.com/file/d/1ZRX4djV0jNJx45cG7BKsaEWYgTgDJGha/view?usp=sharing,114.jpg
https://drive.google.com/file/d/1ZGds5rpjl0oMQ7bK9zYR2oVUgY4X4Lql/view?usp=sharing,115.jpg
https://drive.google.com/file/d/1tC0cMmiULCKntvdx723RkckKVjWOaipd/view?usp=sharing,116.jpg
https://drive.google.com/file/d/1C5L6fKZvsuJRuh2QnDj4U7_d1_Djs1Rr/view?usp=sharing,117.jpg
https://drive.google.com/file/d/1Dh2em2eifFjm2KkfZDfxM2WuvxRCmMV7/view?usp=sharing,118.jpg
https://drive.google.com/file/d/1MNDJWhiyhDklhx41uB8UVxq9CTdhBPJd/view?usp=sharing,119.jpg
https://drive.google.com/file/d/12gcbXlswsM0sW5_Z7DcSBJGr1Bq-2t8t/view?usp=sharing,120.jpg
https://drive.google.com/file/d/1kxajUeAIo1kGPWTGuY4l9K2eCVfHTfWZ/view?usp=sharing,121.jpg
https://drive.google.com/file/d/12wCJ5Ffbo2FQWJoyCCjGdJUCGOFpqs8y/view?usp=sharing,122.jpg
https://drive.google.com/file/d/1lgF7Z1c-zfEyeOyad_Bo6EmeBmmYmSe7/view?usp=sharing,123.jpg
https://drive.google.com/file/d/1Zc-4xffN0v0XdDSXW-x1NAACedZAqgXQ/view?usp=sharing,124.jpg
https://drive.google.com/file/d/1_yNUHw34Vp2RxqAunp0iGwPNqOzTzKbc/view?usp=sharing,125.jpg
https://drive.google.com/file/d/1mDkkEgN6DM4uUXlBqKzoV3AT0Fc6OUwv/view?usp=sharing,126.jpg
https://drive.google.com/file/d/1YMcKRj8ZPJ00OZ3YWT-u2i0NBHrq0Zn1/view?usp=drive_link,127.jpg
https://drive.google.com/file/d/1m7hh0KAbEypRGlvsWor7NXW3kZ2Bmlem/view?usp=sharing,128.jpg
https://drive.google.com/file/d/1LZnhgjX_Ooy4zJ7r99Iydqi6bvIOcszd/view?usp=sharing,129.jpg
https://drive.google.com/file/d/1hVhpy_8MrHNJ7D6TGUs42mXmkuk4t4W8/view?usp=sharing,130.jpg
https://drive.google.com/file/d/1WQ98TKdbZ08AjbW2rG-0WPXkWDfK2eYl/view?usp=sharing,131.jpg
https://drive.google.com/file/d/112L-8dcWTlW0PBIwlzQ1tji-mxaOJI19/view?usp=sharing,132.jpg
https://drive.google.com/file/d/12yVqiIYwySGiWCN59JefWnXYMM955wDC/view?usp=sharing,133.jpg
https://drive.google.com/file/d/1vHb2dINLjpzSvf2tdF5e5shVae0oDjxQ/view?usp=sharing,134.jpg
https://drive.google.com/file/d/1VKdf9frnu773HFSGrvavtdHyGsg0A04S/view?usp=sharing,135.jpg
https://drive.google.com/file/d/1cQbfhuu2-vL7J0Igqz9iQOuZsJQ0wTlZ/view?usp=sharing,136.jpg
https://drive.google.com/file/d/1vTuw-1aglVPbYE4oaEYbIP6LLuikDSFt/view?usp=sharing,137.jpg
https://drive.google.com/file/d/1ftgcSnzMhpFI41H8c5OD_1qoWZWEzBP2/view?usp=sharing,138.jpg
https://drive.google.com/file/d/11Vs9sz9BDAkaj5QCxD927t-mz-VTFWXn/view?usp=sharing,139.jpg
https://drive.google.com/file/d/1AZk7owEM2J5V91afv56x1rxdom3zjESu/view?usp=sharing,140.jpg
https://drive.google.com/file/d/1bKVpQyIiNjcuRjuOIeMS22QHrXDyOtVu/view?usp=sharing,141.jpg
https://drive.google.com/file/d/1mfPOr__w6g_DX68Qv4rp11wDL15AzfTN/view?usp=sharing,142.jpg
https://drive.google.com/file/d/13CDCbAQHVFUfq-ABQrH3D3AW3wIvv_wa/view?usp=drive_link,143.jpg
https://drive.google.com/file/d/1_A0eQ43WrPwj-TvA1SvXWjberVL9FbeG/view?usp=drive_link,144.jpg
https://drive.google.com/file/d/1UoBTJwOaRbMpWrYnOWNPOBzR-axREE4s/view?usp=sharing,145.jpg
https://drive.google.com/file/d/1z-OZ5Wr0EatO5q1bpsB0G3Xv11wj5Z46/view?usp=sharing,146.jpg
https://drive.google.com/file/d/1ii9gWhb1eIlxBuU3IxPJk0q_7S0P3KqE/view?usp=sharing,147.jpg
https://drive.google.com/file/d/11L0gcPPltGMNDtkc_O6wRZAj_WWsbX7o/view?usp=sharing,148.jpg
https://drive.google.com/file/d/1AUm6MuJQQooKytu1EutxJCh8oe5n5jCG/view?usp=drive_link,149.jpg
https://drive.google.com/file/d/12GoUJ2fDe6vQ9TyT-392buyAyowwLHLx/view?usp=drive_link,150.jpg
https://drive.google.com/file/d/1un3dDOFrmtcu3hvGwXuappS37J9uluGM/view?usp=drive_link,151.jpg
https://drive.google.com/file/d/1jGKwLrtXqcIGGrJzcL9eRsCy8D-KQGvl/view?usp=sharing,152.jpg
https://drive.google.com/file/d/1snKwCvaFpmFar-Wydym8EXtuu-3TxAI6/view?usp=sharing,153.jpg
https://drive.google.com/open?id=14M0hfE-CKp-gWptoKo9ddBx-xAeReDkm&usp=drive_copy,154.jpg
https://drive.google.com/file/d/1A7X0GdwzsS1kR5c8LnKnC_pPsv8PQAhe/view?usp=sharing,155.jpg
https://drive.google.com/file/d/1KbeTT5hK7TLxBUVg38Kcs6Sq1jNtXzD5/view?usp=sharing,156.jpg
https://drive.google.com/file/d/1jHnVJt6AMYU6KRQP6IKFjUXh3Cp1J9b0/view?usp=sharing,157.jpg
https://drive.google.com/file/d/1g5l905rSslaK-uHj6vY5LZpSy42h1tjN/view?usp=sharing,158.jpg
https://drive.google.com/file/d/1m14h0vaiWVri5HTTpzwzg2ZP1PlKXyLD/view?usp=sharing,159.jpg
https://drive.google.com/file/d/1V9enBLw4iWozyu0nY4pNLSUJ4-RiRp_s/view?usp=sharing,160.jpg
https://drive.google.com/file/d/1VCybtiOeMs0Sxk93nEyA51k4mVoIITAu/view?usp=sharing,161.jpg
https://drive.google.com/file/d/1WckQKhhUkYlNOg_zjpDYEBm8uXGP4s5F/view?usp=sharing,162.jpg
https://drive.google.com/file/d/1lpvvvV6h9M0GBc8a-at-2ovha4XXdfLE/view?usp=sharing,163.jpg
https://drive.google.com/file/d/1L06ap5ra_s6MnwpMX2bIkWHmxWYaUpYT/view?usp=sharing,164.jpg
https://drive.google.com/open?id=1wEkSy9NvhCjr6WqsDBNjlLMJV9j0q5ou&usp=drive_copy,165.jpg
https://drive.google.com/file/d/1GxWt8UCfASp4YikTPMz8gDUotNRwXNlt/view?usp=sharing,166.jpg
https://drive.google.com/file/d/1SiRWDkC3QgQSt2td67hTE3dcGn8ujdRo/view?usp=sharing,167.jpg
https://drive.google.com/file/d/1st59uAHp21ZsWE6_bcU-Ed2spXBKr23o/view?usp=sharing,168.jpg
https://drive.google.com/file/d/13C46DCNwa01dfLqreKVRIq8Gnv03aKQI/view?usp=sharing,169.jpg
https://drive.google.com/file/d/1RMWKinAHjtpGA8EDTjoC6H1qWZ9tnyh1/view?usp=sharing,170.jpg
https://drive.google.com/file/d/1NM_S_AZrX1KFn2Uv29AVl1cI2lHBXxtS/view?usp=drive_link,171.jpg
https://drive.google.com/file/d/1ua0IXDIgFaidQOgyF-NjcTO4yHpV6PGf/view?usp=drive_link,172.jpg
https://drive.google.com/file/d/1oOjp17AzniUmJnuYe-gQ8IiWi4W8RJ71/view?usp=sharing,173.jpg
https://drive.google.com/file/d/1R484fj4wXemmHMfhL9rHkuptTZ0dD-qT/view?usp=sharing,174.jpg
https://drive.google.com/file/d/1CZ3q4YAXdB5vZOsWDR7bPvWclLmbpBgm/view?usp=sharing,175.jpg
https://drive.google.com/file/d/1a_dFMhpbbpL2sucL2bxvmYYpEHxomTlq/view?usp=sharing,176.jpg
https://drive.google.com/file/d/18ON-daCCgtQApC9SVxzPUIsZEHK2kZJK/view?usp=sharing,177.jpg
https://drive.google.com/file/d/1_e_EPXNDtdc2m6ukOLI0eBYTAX0iLbKc/view?usp=sharing,178.jpg
https://drive.google.com/file/d/1WprnNTr-lwJIy8bPx1_XS9PE6E6RaPPg/view?usp=sharing,179.jpg
https://drive.google.com/file/d/1Paipx3_eLSTXbSkH_Rn3iRLGcHZc9_PH/view?usp=sharing,180.jpg
https://drive.google.com/file/d/1VlSJxjX6YZt0epDm0HUx0I8HU-2SSjKk/view?usp=sharing,181.jpg
https://drive.google.com/file/d/1p8Ar8AwFqJH5HPf-pBUAYOnGUKsPk5P0/view?usp=drive_link,182.jpg
https://drive.google.com/file/d/1ZSl5NvUfmwQJ-P34KRwEzTUaFHRwnv_m/view?usp=sharing,183.jpg
https://drive.google.com/file/d/1EIGEmJfSxfuKgfCbOPT5CmXQUrI4X4aC/view?usp=sharing,184.jpg
https://drive.google.com/file/d/1jWzJuwkqvTss1X1vO90z40f-28aw_x4n/view?usp=sharing,185.jpg
https://drive.google.com/file/d/1pOKjumfIC5ABON2fMxlUDPuMpMP6LjE4/view?usp=sharing,186.jpg
https://drive.google.com/file/d/1OEiiByo6EwwTJ47zU248adoofQ2X5ZIs/view?usp=sharing,187.jpg
https://drive.google.com/file/d/1yEGjJGHFngV47qM70eJK28RGPILVi1ww/view?usp=sharing,188.jpg
https://drive.google.com/file/d/16h_-lULKttrNQ6et7wAaHuwzwzv0K8cp/view?usp=sharing,189.jpg
https://drive.google.com/file/d/1yu9h9aas60Qlgw4LN5PXrYPCRmTlEye4/view?usp=sharing,190.jpg
https://drive.google.com/file/d/1SLIlpEwAlYywGSOzmfcgtN7_OZG7Kwcb/view?usp=sharing,191.jpg
https://drive.google.com/file/d/1d3Da2RuOvJcgaHMLUgJvfG7yV7YmHOfQ/view?usp=sharing,192.jpg
https://drive.google.com/file/d/1ZQt5JWW8C01c1XQC4OoVeC8SugNsBZsF/view?usp=sharing,193.jpg
https://drive.google.com/file/d/1ahnx3c5S7xhmW9qeHplPosctvWEMV4oh/view?usp=sharing,194.jpg
https://drive.google.com/file/d/1Ql4qGft_rwLr7f7TuPEedDulnMblzh_e/view?usp=sharing,195.jpg
https://drive.google.com/file/d/1i838ss7Y0rXlm4xW7ZUDdWYkvXkoMR9f/view?usp=sharing,196.jpg
https://drive.google.com/file/d/1A8ycJgfvq0hQ65V7_IUsQ41x88OnntCo/view?usp=drive_link,197.jpg
https://drive.google.com/file/d/1UkyrjoKdr7DXgFRTxafxCBp9eJ-FX1tx/view?usp=drive_link,198.jpg
https://drive.google.com/file/d/1dD8brwjAVa3fHc6XZm1_BnejElJgIe24/view?usp=drive_link,199.jpg
https://drive.google.com/file/d/14CMoWZS6_O19XD8sOmzARZd9id5k0qgW/view?usp=drive_link,200.jpg
https://drive.google.com/file/d/1VDipAYDCI-9F25T1hN2WVLHF9y5b6ChM/view?usp=drive_link,201.jpg
https://drive.google.com/file/d/1RoTVCEmjoq1o3Y5t9h9PV5CPaqoSww3j/view?usp=drive_link,202.jpg
https://drive.google.com/file/d/1NKwfBuOCNhFnG41gl7LfxoeLjMe9XP3X/view?usp=drive_link,203.jpg
https://drive.google.com/file/d/1DkZbgB9foho_sOQI8acjgiQ2HLajvhay/view?usp=drive_link,204.jpg
https://drive.google.com/file/d/1WKrNzjkI-fbbctPmH9PKpRdBy3k7CMUz/view?usp=sharing,205.jpg
https://drive.google.com/file/d/1YOsR5ZkYgSkC00smfJhiJW70Ka1ZnVdK/view?usp=sharing,206.jpg
https://drive.google.com/file/d/1omKHdgjKmZEbKstt0wE-mH-LGU6LCt9i/view?usp=drive_link,207.jpg
https://drive.google.com/file/d/1859Yy_pE2-rHh8MtJrG6NaGSlsPFOaW4/view?usp=drive_link,208.jpg
https://drive.google.com/file/d/1LMu5hx07H0hyR66QFxn2hcxsfhAWyNGG/view?usp=drive_link,209.jpg
https://drive.google.com/file/d/1RoaFsg0Fj2_f_HLFlZVBm3AChgvhStkP/view?usp=drive_link,210.jpg
https://drive.google.com/file/d/1IaOr-zIiCT9pQ-V4epRpAFV3mERttc-e/view?usp=drive_link,211.jpg
https://drive.google.com/file/d/1_3Gq8vWEOFgQ4njcMs7niH5hbVL4ZiI-/view?usp=drive_link,212.jpg
https://drive.google.com/file/d/1HOFYdFbku7R68YBHKv363t0i482q48Fz/view?usp=drive_link,213.jpg
https://drive.google.com/file/d/1iBX1eoiCb3zNCtu-KFL4ebbWksJ3oGp7/view?usp=drive_link,214.jpg
https://drive.google.com/open?id=1Ppz33evMHNBE_iCgst_2EBcMXGDxSrWo&usp=drive_copy,215.jpg
https://drive.google.com/file/d/16tFzxDZsQHQEgOINqTbhnhj0AUxa-x8j/view?usp=drive_link,216.jpg
https://drive.google.com/file/d/1uIlbtcL0hgG68o_n313ly1MUxq5uXkjT/view?usp=drive_link,217.jpg
https://drive.google.com/file/d/1l-0RqRBinZMdVZ2IJnJYWMKbDwph54bS/view?usp=sharing,218.jpg
https://drive.google.com/file/d/1SxqC72KHcBC0lpq7PhPxF26ofoalsiAX/view?usp=sharing,219.jpg
https://drive.google.com/file/d/1Emeh0JY-U5QA31cjwwfBy3vj08ZPmYf9/view?usp=sharing,220.jpg
https://drive.google.com/file/d/1pSAOevdFLJuwpmsnjHyD3E_QUNdJ1l-I/view?usp=drive_link,221.jpg
https://drive.google.com/file/d/1tDq1swFYh3pYDmwcr8mpjIatb4dechoK/view?usp=sharing,222.jpg
https://drive.google.com/file/d/1tZCCioaGlC_MZpel_tgKw6WBuhSMnTwP/view?usp=sharing,223.jpg
https://drive.google.com/file/d/1gPgsDCMILvDBDn_v8zseZzuD7zLsgqj2/view?usp=sharing,224.jpg
https://drive.google.com/file/d/12we_hPc3VBlERJpy5lceauE4EbnAmMSA/view?usp=sharing,225.jpg
https://drive.google.com/file/d/1peglNT9Ddho4QFKHcqijCar8QEhqB2H-/view?usp=sharing,226.jpg
https://drive.google.com/file/d/1y6nkEv4BaXMIXURSNiYW4YV4XWmxzVZS/view?usp=sharing,227.jpg
https://drive.google.com/file/d/1fbE-tbyQC2mcnIq672zi0wmMjBLIYdoQ/view?usp=drive_link,228.jpg
https://drive.google.com/file/d/1JXisd7Omk1YL6sxiEUwgGj6ufZ43BcZx/view?usp=sharing,229.jpg
https://drive.google.com/file/d/1IzrlwIzMPVUxwqse2SL5DnF3VnZCHNFH/view?usp=drive_link,230.jpg
https://drive.google.com/file/d/1A-Tn0Q1WYjmkS4rtgbcPcrE0AWTbnJBI/view?usp=drive_link,231.jpg
https://drive.google.com/file/d/1BCiBeU3uTSGWT2yG6LKx60LALj29U8_t/view?usp=drive_link,232.jpg
https://drive.google.com/file/d/1_sKToovyLrcVlENvzLBUWlJM2ck6u2VO/view?usp=drive_link,233.jpg
https://drive.google.com/file/d/1ThESXjdv4TaqAt7AZDv_hM7hWwF3xJ_b/view?usp=drive_link,234.jpg
https://drive.google.com/file/d/1gTzWFEytKqg_BEXd7utO3I5GjGJvU-mi/view?usp=drive_link,235.jpg
https://drive.google.com/file/d/1411_BnmY-CIbRhIxo-jxZQDDnGKSM-BK/view?usp=sharing,236.jpg
https://drive.google.com/file/d/1jtpCAaupRT4LXmVCYr2eFol4DuSCOLNr/view?usp=sharing,237.jpg
https://drive.google.com/file/d/11sWStJcWjM3OcbvyU5PkoDrEx1AgYP3A/view?usp=sharing,238.jpg
https://drive.google.com/file/d/1aZKj_gBKEZ1Aw8uDx6SP1lNWfDA9grLr/view?usp=sharing,239.jpg
https://drive.google.com/file/d/1wxw_h8AZMFRHGPUP5RxEkOkOJU49wOHc/view?usp=sharing,240.jpg
https://drive.google.com/file/d/1OS9_6sCRvFehyAtaawcrbYmHyxhyKbWx/view?usp=drive_link,241.jpg
https://drive.google.com/file/d/104MOEQx5oDrZHZ1o8XE3-bOmse6I4wjt/view?usp=sharing,242.jpg
https://drive.google.com/file/d/1NPI_ZahG3ZJ5kJGc-CeyxcE2pYKL1bYE/view?usp=sharing,243.jpg
https://drive.google.com/file/d/10dA5BRSs6flvqaYSuaiUO6f7LW3QVd7V/view?usp=sharing,244.jpg
https://drive.google.com/file/d/1wFN0VXujFtgUymZ4mGKtE6ugTXg1uNKA/view?usp=drive_link,245.jpg
https://drive.google.com/file/d/1vc9LIYT5XHhlnV6ARGSlAjjkUS2zbXPc/view?usp=drive_link,246.jpg
https://drive.google.com/file/d/12h4WiOi8NtHsEdgtoA3wo1BpwU8e0YCx/view?usp=drive_link,247.jpg
https://drive.google.com/file/d/1xOAgoPJXwbOlRTuQXCINPHdx6znjM7lD/view?usp=drive_link,248.jpg
https://drive.google.com/file/d/1wLOvMeB8pxLPYIA0FGQkD1wgaVEBgLhf/view?usp=drive_link,249.jpg
https://drive.google.com/file/d/1E8BVwVRjWL5XfvlScCycH6S-jDZSmlYu/view?usp=drive_link,250.jpg
https://drive.google.com/file/d/1zr-ojLmvOUbAd2xJRvcq3QG2d7z_oRgu/view?usp=sharing,251.jpg
https://drive.google.com/file/d/18cLoBxquxdCG-Bu2BOxDQ5YPcrZOF1cn/view?usp=sharing,252.jpg
https://drive.google.com/file/d/1tCizqz0P97OBuOF2WPjjlFPS5gMg05EH/view?usp=sharing,253.jpg
https://drive.google.com/file/d/1jrWuu3Yp7xogKvb7WPrQOL_uOCiGBcQt/view?usp=sharing,254.jpg
https://drive.google.com/file/d/16KZJVDZijOiPKkJwZWdRQfE4gNhwBtU-/view?usp=sharing,255.jpg
https://drive.google.com/file/d/1ntIIxm81GLLVv4ADzPrrHkj2df_z9XrL/view?usp=sharing,256.jpg
https://drive.google.com/file/d/1iwnSvOtF3QT1_rhG81NkX6UqlQeVh0f4/view?usp=sharing,257.jpg
https://drive.google.com/file/d/1HZH-0nM2AWwMrt0gJttn0l5Qxiyelr24/view?usp=sharing,258.jpg
https://drive.google.com/file/d/1eLJnrJZBFA0pUisiuLxNVgNJfC_xJB7I/view?usp=sharing,259.jpg
https://drive.google.com/file/d/1kYP_IMC9Y00yWCg_vj3iT3BuTssF0wig/view?usp=drive_link,260.jpg
https://drive.google.com/file/d/1VkvXAEOBH6tuc4To3Q7QApJ-DzkT-ezH/view?usp=sharing,261.jpg
https://drive.google.com/file/d/1KkME5KcZ5NgX_p332K2_-01OCdDxK5G3/view?usp=sharing,262.jpg
https://drive.google.com/file/d/1FjRIzN2fbHlHJAh8QVlQDb21ZAiK9pZf/view?usp=sharing,263.jpg
https://drive.google.com/file/d/1ho3hNNuBsI2_uM04efw2daW5FzUWG_Qk/view?usp=sharing,264.jpg
https://drive.google.com/file/d/1FHxUxqljF1SCzboPqQ4jJ5Iv2YLogdbi/view?usp=sharing,265.jpg
https://drive.google.com/open?id=1rgdQ0kmJEw_5sX8guXaSCJ0xOXFjQ1GV&usp=drive_copy,266.jpg
https://drive.google.com/file/d/1BCeABeJlKWfM8LEMZppb0NgZqzaRXTfd/view?usp=sharing,267.jpg
https://drive.google.com/file/d/1ek3zj6JKFYL4SuxAIiXNxMXhXy8vY2A4/view?usp=sharing,268.jpg
https://drive.google.com/file/d/1GVXdWpDkaqKAI25Z1ieX7CdQnJ438jxn/view?usp=sharing,269.jpg
https://drive.google.com/file/d/1kUoE9ke0lMNRDE1GMJIouPzHh63zOCXy/view?usp=sharing,270.jpg
https://drive.google.com/file/d/1vQDFA1q2B7-kGBTjDa6pcmQeERhzuoO9/view?usp=sharing,271.jpg
https://drive.google.com/file/d/1uRGDET4-zqSsG6BOcCCWUfiXM7AOEbHs/view?usp=sharing,272.jpg
https://drive.google.com/file/d/1XewrWobDt4QNlF4VMy20nqSlrn6hWQPM/view?usp=sharing,273.jpg
https://drive.google.com/file/d/1U9ewd5Ff3-SyywwIn6dQVyEgiz9oHpsY/view?usp=drive_link,274.jpg
https://drive.google.com/file/d/1VYZwdvaWZ-keKihnA1hsfWyYlpJCzpor/view?usp=drive_link,275.jpg
https://drive.google.com/file/d/1R2FxZeif7IOydrAotvlInu6wz_A3xaCw/view?usp=drive_link,276.jpg
https://drive.google.com/file/d/1QynCaur9NoeWUwDPTa7x50EZprKjxHzf/view?usp=sharing,277.jpg
https://drive.google.com/file/d/1Em0Nn1HdNWenDS_2UW-drFwck1Jv1TOd/view?usp=drive_link,278.jpg
https://drive.google.com/open?id=13AQPSoTcJ7l6-UEALSYBWllAd4NVeyBP&usp=drive_copy,279.jpg
https://drive.google.com/file/d/1GUeW4GffQB953R9gzA4NwFtSZk-7zD1l/view?usp=sharing,280.jpg
https://drive.google.com/file/d/1AaIWHmvou3Sgfp-66NqegxPqt6lA-9SY/view?usp=sharing,281.jpg
https://drive.google.com/file/d/1jiM03nhxntGy1OgkpLVXqeBBwMsUgZ5T/view?usp=sharing,282.jpg
https://drive.google.com/file/d/1uD0PKEQVl_PpiCqphN1YKTg3CpIQgty0/view?usp=sharing,283.jpg
https://drive.google.com/file/d/18b-tqKcB1o6S6rl8tPxY7UqRfh43e5mH/view?usp=sharing,284.jpg
https://drive.google.com/file/d/18egshSZOxNQd_tYNAeaDqytaOWFm2FuV/view?usp=sharing,285.jpg
https://drive.google.com/file/d/1eIU_nKJ0QOc8XPy4BK5sTlOzdsWp62uQ/view?usp=sharing,286.jpg
https://drive.google.com/file/d/18xsXSeYRnFaB0NuRynhv79IBJK_x7sHn/view?usp=sharing,287.jpg
https://drive.google.com/file/d/1DD2p9qy0BJjE5dYmszJgnBZVNzNdAbsq/view?usp=sharing,288.jpg
https://drive.google.com/file/d/1eHgxKy6cff6gyUbk0CIfq-hy922J4OOW/view?usp=drive_link,289.jpg
https://drive.google.com/file/d/1Clctht43jDXF2QSySK6_NttDqJAW6LRW/view?usp=sharing,290.jpg
https://drive.google.com/file/d/1KufUq6DjiYSOP6yTIhzGWXyizrbFcF-m/view?usp=sharing,291.jpg
https://drive.google.com/file/d/1KQCuxX95_1QzsNqkKcSAiu6i65pzXcEX/view?usp=sharing,292.jpg
https://drive.google.com/file/d/1zPgAUvOWnt9u_VBVuY7G97mzMIGDpKs8/view?usp=sharing,293.jpg
https://drive.google.com/file/d/1u7Iy0Y0w6P-NRSA3lptYET22xPZF2zLx/view?usp=sharing,294.jpg
https://drive.google.com/file/d/1jjfvM58iyLIIgV9YT_iTmezJo_ZUcvF-/view?usp=sharing,295.jpg
https://drive.google.com/file/d/1LG39HuEE3BQFn4VXhyvMjd5EDazRCXml/view?usp=sharing,296.jpg
https://drive.google.com/file/d/1ZI9LnxwaRYAgf64IrL7qHkG1EWIXd9qW/view?usp=drive_link,297.jpg
https://drive.google.com/file/d/1AVhHTZ98tg1U8RN7YNEfSrfGPR8aSyFw/view?usp=drive_link,298.jpg
https://drive.google.com/file/d/1zL5N7y6DsslcbeJ8JgxBMyvWGx1zYBHS/view?usp=sharing,299.jpg
https://drive.google.com/file/d/1VZdM3sfiSthlhRfkQ7DJvdxeR-YOLjzd/view?usp=sharing,300.jpg
https://drive.google.com/file/d/1C0kDj03JLblHeq3LGfC68ItjDzUAILid/view?usp=sharing,301.jpg
https://drive.google.com/file/d/19qjRZJdD-oc01HULnoTPjykwfFHRazw8/view?usp=drive_link,302.jpg
https://drive.google.com/file/d/1cbv_QPZogeJ9EgBhzDHZF1sxXJYifyBG/view?usp=sharing,303.jpg
https://drive.google.com/open?id=1XJ3QYEbhYoMULR4kPxY_dOMS__RWKjup&usp=drive_copy,304.jpg
https://drive.google.com/file/d/1YR3Chjx79egvIwLVyYWMeH2Gnk-aJ1kZ/view?usp=drive_link,305.jpg
https://drive.google.com/file/d/11Ndn3ZR_0Me1G_yH5q_kyexnMihf27y5/view?usp=drive_link,306.jpg
https://drive.google.com/file/d/1OHZyzV8-CKOtRD0eJBbCQU0ZC1YraYBc/view?usp=drive_link,307.jpg
https://drive.google.com/file/d/1ysGyoGjdfPdIFVGtIboY1AEG9pzHleeD/view?usp=drive_link,308.jpg
https://drive.google.com/file/d/1CDzwpG_qjdI-rwvOSR309wwW7piOpY2s/view?usp=drive_link,309.jpg
https://drive.google.com/file/d/10FlqcsDlR2eRV8T1RQn48jY5XFXXFTwJ/view?usp=sharing,310.jpg
https://drive.google.com/file/d/1vW5Mr0EF6l4izqWS2jUjIdDc6rLoAXeu/view?usp=drive_link,311.jpg
https://drive.google.com/file/d/1XaAs3w3HV0nsyP8h-tO2pIAsO71KKDV_/view?usp=drive_link,312.jpg
https://drive.google.com/file/d/1yjHqNbzbKqQNhc2pvv80eT_augCPxLNx/view?usp=sharing,313.jpg
https://drive.google.com/file/d/1ITdnDbj3DvjZZDphPp_I5FrO9KSr9X3j/view?usp=sharing,314.jpg
https://drive.google.com/file/d/1EiUCRYYf5uaji37PRSH_mjjnF5O5RPgn/view?usp=sharing,315.jpg
https://drive.google.com/file/d/1vVohWRoemj2MWU5POeXrUhaQkK2PxIZS/view?usp=drive_link,316.jpg
https://drive.google.com/file/d/1Li5DXkJzWEtywwPlYquQlz-JLWrQeBDT/view?usp=drive_link,317.jpg
https://drive.google.com/file/d/1gi7ZDIyjePFGO9Bu87V87B_BWplE30qX/view?usp=drive_link,318.jpg
https://drive.google.com/file/d/1hldIvZN1v1Wh8Xq9B7gBWNSfgLMGx6U6/view?usp=drive_link,319.jpg
https://drive.google.com/file/d/1N4JvTnUozxjJKlHWsD7N3XiTChUofWts/view?usp=sharing,320.jpg
https://drive.google.com/file/d/1YIBVvF-jKSKI-7e_e__75ZOUXYbKtClD/view?usp=drive_link,321.jpg
https://drive.google.com/file/d/1jvvThzvESZLcJDfZoG1ysG5ppQ7f5RAS/view?usp=sharing,322.jpg
https://drive.google.com/file/d/1o3y10QcL1yzVoLcD5ups6tj7vE-y_T6H/view?usp=sharing,323.jpg
https://drive.google.com/file/d/1ST_RI-nlBgIOByjpxRStlVIiV3-HVyoE/view?usp=drive_link,324.jpg
https://drive.google.com/file/d/1dc90w81b-5l6lJiogXhCAoRIezU3dhLq/view?usp=drive_link,325.jpg
https://drive.google.com/file/d/1hJ5jSFgD9p0YWah_M35D5-XX1eWGMlRm/view?usp=sharing,326.jpg
https://drive.google.com/file/d/1rZmwzVLqwav8NQcIfkgyiLKeBOdqSS-y/view?usp=sharing,327.jpg
https://drive.google.com/file/d/1wnxiRUTD_wAP7gp1JGI-BwXD0_dNvvjq/view?usp=sharing,328.jpg
https://drive.google.com/file/d/1xOEaZdmjhMa1dZKtjfWM5xagfKuFXOER/view?usp=sharing,329.jpg
https://drive.google.com/file/d/1NvTM1g3vx1Kut8y_4vvBJo79qKHzUztk/view?usp=sharing,330.jpg
https://drive.google.com/file/d/111tmTqhti30waD2ToHBnhDXMWZr6Fiv3/view?usp=sharing,331.jpg
https://drive.google.com/file/d/1828HR7oyHuDJpNFSn5JmLlYAZ24vA7x7/view?usp=sharing,332.jpg
https://drive.google.com/file/d/143F_jObaBvG1l77hgZir8HruiOBT9qcV/view?usp=sharing,333.jpg
https://drive.google.com/file/d/1Ev1HphDd6ARyBxl2_PUoyWxWlfAh9n7F/view?usp=sharing,334.jpg
https://drive.google.com/file/d/1L1p8TyeiPTeDnfjsltL5yYI2aKvNNO9w/view?usp=sharing,335.jpg
https://drive.google.com/file/d/1fy6cbZwgERtFvVwovTW5yKZIRNqVSJzB/view?usp=sharing,336.jpg
https://drive.google.com/file/d/1gGksBJBqx0NVoZuQlinZ_8PhY9nCshrZ/view?usp=sharing,337.jpg
https://drive.google.com/file/d/12vpSXXIvh5O51Xf7jc-cr6cnonOEz7zw/view?usp=sharing,338.jpg
https://drive.google.com/file/d/15JLTnj5zhDkQ3CWNpfiDS51ykFhKEhI1/view?usp=sharing,339.jpg
https://drive.google.com/file/d/1JigHUpLu2fn945h0hTvVgiO8e2TV0Uue/view?usp=sharing,340.jpg
https://drive.google.com/file/d/14E87lNQCbYQYaw2WEZUgqpLVllxzh0qo/view?usp=sharing,341.jpg
https://drive.google.com/file/d/1oSLgkDZVNtoSTo-1lqoKPGD_AvvZLCdO/view?usp=sharing,342.jpg
https://drive.google.com/file/d/1Tj_Fffv-Mc7x6_jQoPut_j9SUCcoydah/view?usp=sharing,343.jpg
https://drive.google.com/file/d/1s0nfHtbZGDMXBuEXJ9FB0ljT-8ykR7hx/view?usp=sharing,344.jpg
https://drive.google.com/file/d/1XmEF3Y_EVn1lonn_hWKIbtSjgRFn_dbg/view?usp=sharing,345.jpg
https://drive.google.com/file/d/1WuPmRt-VoQfR_ZkT1nzIhMKeljNVUJMz/view?usp=sharing,346.jpg
https://drive.google.com/file/d/1Vg9pDOIb4D_9uk_FU-PN67RDhh3URJqT/view?usp=sharing,347.jpg
https://drive.google.com/file/d/1PUQshZgNL6tX5cS4aP636BXA9VNXNVpq/view?usp=sharing,348.jpg
https://drive.google.com/file/d/1TrV7vZ19EmI1DaP_LHNVGp3HDfrNCsqX/view?usp=drive_link,349.jpg
https://drive.google.com/file/d/1iG9en_nfEYbr4NEkFMt3-xoAIldZBgYQ/view?usp=sharing,350.jpg
https://drive.google.com/file/d/1VHq_c_pitRRiOT_VNDOFpOt_UvMiKJgv/view?usp=sharing,351.jpg
https://drive.google.com/file/d/1oLL_xLzI-U5_qMJYXQBLx1YoawU0rB1s/view?usp=sharing,352.jpg
https://drive.google.com/file/d/1RZKgj6SgXHvcTwD5hi3tDnL24akXydT0/view?usp=sharing,353.jpg
https://drive.google.com/file/d/1lb5unRFMzlCZwR4qVYPDwPXdw7evicTa/view?usp=sharing,354.jpg
https://drive.google.com/file/d/1osnpX2qW0UbXPOcFF6j-MPRf0iUaem-b/view?usp=sharing,355.jpg
https://drive.google.com/file/d/1A1f5i2QjKCaDwo5rm3VkBWBNRDlH60lC/view?usp=sharing,356.jpg
https://drive.google.com/file/d/1zIU7R9B0aDdb2iU_AHp4YbObnLDAts0M/view?usp=sharing,357.jpg
https://drive.google.com/file/d/1UejoAZIzw5j2-fZDO54rqRL0ITIi4iOf/view?usp=sharing,358.jpg
https://drive.google.com/file/d/1Idh86DIZlODfTEChHpLTlFGu9oVwjF82/view?usp=sharing,359.jpg
https://drive.google.com/file/d/1NSO7N_Z0URyfoxzX6zx-mGTqarIZ4txv/view?usp=drive_link,360.jpg
https://drive.google.com/file/d/1g-liY9kNWt9BMQ9drA6NwUGLBSjwk6Nn/view?usp=sharing,361.jpg
https://drive.google.com/file/d/175t4xW0IN99gRfCfKY3yXEMDERREEH5-/view?usp=sharing,362.jpg
https://drive.google.com/file/d/195_pjBbbFbLfAzk7D93H5jJRL5zh_OeF/view?usp=drive_link,363.jpg
https://drive.google.com/file/d/1DivZOcoKB52Y-av9UMmPiIogDTLacT_W/view?usp=sharing,364.jpg
https://drive.google.com/file/d/1rbCs8iZS6b3LtSyDCOMcEXH8GAlOt4qZ/view?usp=sharing,365.jpg
https://drive.google.com/file/d/1op21VnIDCX_kpphMiw4zXhVcpVx_Znwn/view?usp=sharing,366.jpg
https://drive.google.com/file/d/1u-_r0tB9RIGlIUC3K6ifS1cUbgd25kEk/view?usp=sharing,367.jpg
https://drive.google.com/file/d/1gfUANnECP3LDzTjUtm_9lBpdAe3s4Xyw/view?usp=sharing,368.jpg
https://drive.google.com/file/d/1iQrapLaslo5GKFf0WhuKV7VLxiJrJNtD/view?usp=drive_link,369.jpg
https://drive.google.com/file/d/1Yyi1e6BqxjDWtVu76Gq09Tb21smvhClb/view?usp=sharing,370.jpg
https://drive.google.com/file/d/1sS8e3ZmixCVH2YAFPuVlOAoIhpt-vfWE/view?usp=sharing,371.jpg
https://drive.google.com/file/d/1mWipNL9deH6mK7RLleXJM-RUIwSbC-IZ/view?usp=drive_link,372.jpg
https://drive.google.com/file/d/1orHJdZcvNDmtHi2FCrQ29bBopJCgLT5D/view?usp=sharing,373.jpg
https://drive.google.com/file/d/1VIJYeImFMUm7Aaacnct7HyxaOYy72Mq6/view?usp=sharing,374.jpg
https://drive.google.com/file/d/1FccvJOxJ1IrfcxS0GzHIlNxNV5GiBH3P/view?usp=sharing,375.jpg
https://drive.google.com/file/d/1TU-vDyoLAB5--Mx4gvO5P_0Cu9AVyDqC/view?usp=sharing,376.jpg
https://drive.google.com/file/d/17rH_GNMd_A-EhhTnyOP0pRxCzN2_2J0l/view?usp=sharing,377.jpg
https://drive.google.com/file/d/1n_bcpbFSXquY0KQS_zn-LiEMPHpcDK0w/view?usp=sharing,378.jpg
https://drive.google.com/file/d/18QgdZZAiil5-UHGvYkY0rBBl2rdSGQUr/view?usp=drive_link,379.jpg
https://drive.google.com/file/d/1FpwpZj9Xw_TP08acK0l00uxh8YNZ0jf8/view?usp=sharing,380.jpg
https://drive.google.com/file/d/1Ru0JGdcol-VHMMxsLk4QvR0ui9sqR1AV/view?usp=sharing,381.jpg
https://drive.google.com/file/d/1pYBPEve_C1A0Zcgr6watuakBnO3MOszX/view?usp=sharing,382.jpg
https://drive.google.com/file/d/1cTKQhk1Gcvsa36S3yS-5EU4WtbW56xaQ/view?usp=sharing,383.jpg
https://drive.google.com/file/d/1c0jEVgNBC6T5owmfv46lOubTqZ53hCZE/view?usp=sharing,384.jpg
https://drive.google.com/file/d/1RkgHCc_BENHGzRjkp5-Y-7TvU7m58if8/view?usp=sharing,385.jpg
https://drive.google.com/file/d/1mYChKyj4d1Uajhz-EYP_YMVD5Fr5s6MH/view?usp=sharing,386.jpg
https://drive.google.com/file/d/1cta4lpPhoahfL1nlRrl3fYCs86bhsNjd/view?usp=sharing,387.jpg
https://drive.google.com/file/d/1opDxSogFwDYpEb5PGw4jTADE96Y2WtG7/view?usp=sharing,388.jpg
https://drive.google.com/file/d/19tkKOjxJXXU6hQQdYTttU_SSuXpNfnkg/view?usp=sharing,389.jpg
https://drive.google.com/file/d/1eMO9UApj4OCdb7IaK2GYOqq_Luhll7U6/view?usp=sharing,390.jpg
https://drive.google.com/file/d/1oXqnHJoFlDyjICuaTRDFqaqPgulrzhqa/view?usp=drive_link,391.jpg
https://drive.google.com/file/d/1-fKLISvytT7Co54XM-DhDkwGJcYLst5H/view?usp=sharing,392.jpg
https://drive.google.com/file/d/1MGv1O1rLHyY4xqhj3vny7PTUtYTtHIVb/view?usp=sharing,393.jpg
https://drive.google.com/file/d/16Ln-NI12jh9PpMOoJw9pEDizXTdER7NR/view?usp=sharing,394.jpg
https://drive.google.com/file/d/1499bBYkmYnrl8QqVGgqBcog_M-Ueo1__/view?usp=sharing,395.jpg
https://drive.google.com/file/d/1b0lHedBVO7x_rukR1faGc_vfaGCmTSgj/view?usp=sharing,396.jpg
https://drive.google.com/file/d/1lcMOCr0PYGVo5UIUZXEXzXL0JU5_MIgg/view?usp=sharing,397.jpg
https://drive.google.com/file/d/1C2a62EXZZgDQ05jLqV6S9eO4NUs2R1SU/view?usp=sharing,398.jpg
https://drive.google.com/file/d/1GYk2FDBdJrt2X79wPnOBoOZF2QH6AcbW/view?usp=sharing,399.jpg
https://drive.google.com/file/d/14PpW4hP6WC0D2w8vTG9u7dihy5qj4aKs/view?usp=sharing,400.jpg
https://drive.google.com/file/d/1ObRdyLO72XTU2ADr14pMk1uavqYT5i7V/view?usp=drive_link,401.jpg
https://drive.google.com/file/d/1SaSOZb7CwqBWSZLgiDR8Hhold_NOYHAx/view?usp=sharing,402.jpg
https://drive.google.com/file/d/1luHbcPLj4BFquei2XFd_e4PgL9z8fBaB/view?usp=sharing,403.jpg
https://drive.google.com/file/d/1TbHLyEa4ePyNMPx1TCIEVszkjXyboWdZ/view?usp=sharing,404.jpg
https://drive.google.com/file/d/1hK9pNOs_3b4x_Z0K9HeqF9m8P7NgZ8P5/view?usp=drive_link,405.jpg
https://drive.google.com/file/d/19RiI_NLXsgWs74cQcALUEMD19cOtoXeG/view?usp=drive_link,406.jpg
https://drive.google.com/file/d/13Um-Bz93HKY6tvMWLLjZKbHeifEqO-Cn/view?usp=drive_link,407.jpg
https://drive.google.com/file/d/1enir4vR4rwP3lC50brwyDXZ_f6sJ5fw6/view?usp=drive_link,408.jpg
https://drive.google.com/file/d/1FCi2iUDWekMH23o9LACASpGtM6I6FdQ_/view?usp=drive_link,409.jpg
https://drive.google.com/file/d/102KMJh-VIaevUAjnHgEeNLMp39S-UDfd/view?usp=sharing,410.jpg
https://drive.google.com/file/d/1xO13MReV-8Ocbg9p4EDHt6wYz3LU5ZQI/view?usp=sharing,411.jpg
https://drive.google.com/file/d/11-FsyTk0tEYE7nUTziacia9jx6sT5F4f/view?usp=sharing,412.jpg
https://drive.google.com/file/d/167pISg_pjaipcxSOjXVSCgMHE6SbMwjd/view?usp=sharing,413.jpg
https://drive.google.com/file/d/1o-wU1rmdWfwwjlc9LnB9h0uK-Y5eZTtB/view?usp=sharing,414.jpg
https://drive.google.com/file/d/1h_Z75dtVhaRGLnTVGfvsw7hchH3UwsgT/view?usp=drive_link,415.jpg
https://drive.google.com/file/d/1yL-v48ja_m1c2TGfPsqLvTPWA20jtSN9/view?usp=sharing,416.jpg
https://drive.google.com/file/d/1qehVokAX7RawwK4hlH_OwFD9gF_Vajkp/view?usp=drive_link,417.jpg
https://drive.google.com/file/d/140c-JSKkyuVp3w7DV7a3L_9cPk9-nZ2c/view?usp=drive_link,418.jpg
https://drive.google.com/file/d/1xTJYz3B0PhFgGiZUqX43kse3S3wqYoZq/view?usp=sharing,419.jpg
https://drive.google.com/file/d/1xYIGbyhkpxT3P-IG422ROWEOn8zzlbVo/view?usp=sharing,420.jpg
https://drive.google.com/file/d/1PEUKUXMS1lyIs1M8OykJgDxAj2U0uhUM/view?usp=sharing,421.jpg
https://drive.google.com/file/d/1_OkYuHnCpXrHQVRX8bdElxNvMzBEA-FE/view?usp=drive_link,422.jpg
https://drive.google.com/file/d/1Qg3RtlzGStLsvGsgkLm9QEhINOWo8MDV/view?usp=sharing,423.jpg
https://drive.google.com/file/d/1XXa8u_vjhzpuuAQo7-XPdR34OVq0CS3_/view?usp=drive_link,424.jpg
https://drive.google.com/file/d/1Tzsw8lf3Ni-6l6TLwU7CbFzW8YzhLLTO/view?usp=drive_link,425.jpg
https://drive.google.com/file/d/1T0BWTNo79KOV6GVBaaFAlB4qgrQI4wwa/view?usp=drive_link,426.jpg
https://drive.google.com/file/d/1pZqGal-UvEJy052PTYosM7-BlzIwE2cO/view?usp=drive_link,427.jpg
https://drive.google.com/file/d/12kwEZLqVQuXo48uYur9itL4jUEqWXOYM/view?usp=drive_link,428.jpg
https://drive.google.com/file/d/10RtFjWCJpEFr6Za1p4F3jIp8a2V2fEg5/view?usp=sharing,429.jpg
https://drive.google.com/file/d/1v4HCkO7m3y4tylqtqv5CzAn0rfRfST7m/view?usp=sharing,430.jpg
https://drive.google.com/file/d/1Mu4B99f_8N1nQxTYtHOfiGj2lIRhn65P/view?usp=sharing,431.jpg
https://drive.google.com/file/d/10ptZti1Xiok5x1tRGfha_hIsnj1ii5BA/view?usp=drive_link,432.jpg
https://drive.google.com/file/d/1CQEIRtnYHCuBwFTBYxYsWkQ1QKjVjIIJ/view?usp=sharing,433.jpg
https://drive.google.com/file/d/1GciXsHlPyobvmEXy0TGbJk0MTPGBdpWE/view?usp=sharing,434.jpg
https://drive.google.com/file/d/1QevesjiyIZoUiGS00ScGoNoxtScdTp8W/view?usp=sharing,435.jpg
https://drive.google.com/file/d/14wxdQT03SW3H6H1dQsVqj2B6s1GhUSY7/view?usp=sharing,436.jpg
https://drive.google.com/file/d/1jsDqBgpjjv3U7WRb6PJBRv1QYy5LFlHi/view?usp=sharing,437.jpg
https://drive.google.com/file/d/1WUA_iuY9HxHRZBVvI8Hq39NskzbzC-0e/view?usp=sharing,438.jpg
https://drive.google.com/file/d/118UoiMp2MPYeDFHJgRZF-D2-TtLE53Ov/view?usp=sharing,439.jpg
https://drive.google.com/file/d/1nOyp1h4xXHZTxnQALqhJ08E4YeNJ6C6p/view?usp=sharing,440.jpg
https://drive.google.com/file/d/1gp4EB_H5pnsJTvhJfzP4qEeoWkq9bVqP/view?usp=sharing,441.jpg
https://drive.google.com/file/d/1NC-kP-pSY9wJdrgbZnKbNcCzbSV962qB/view?usp=sharing,442.jpg
https://drive.google.com/file/d/1SjRDhO4HJ_WO82IWqrR9SG8vahCwKzNn/view?usp=sharing,443.jpg
https://drive.google.com/file/d/1mtIOu31sfSD7VQLjrcgYMpLTPYt_4eFO/view?usp=sharing,444.jpg
https://drive.google.com/file/d/1EYgCsAXuhxtIYuCSSWKugZP_JiM8jjqz/view?usp=sharing,445.jpg
https://drive.google.com/file/d/1BxmUUVgj2Iau_pHkovTQetlDHezR_Wkp/view?usp=sharing,446.jpg
https://drive.google.com/file/d/1HQHBTRpNUNY2kQ0B3sOzw3AIKiQ5XsJl/view?usp=sharing,447.jpg
https://drive.google.com/file/d/1G1sHiVYDnKlOh6uW2-ZdFkqpUQkZOV0x/view?usp=sharing,448.jpg
https://drive.google.com/file/d/1c6ET3nowvSsYvkQarueJoQxQeStMOq--/view?usp=sharing,449.jpg
https://drive.google.com/file/d/1G2YWXv0p1YZmB6Gsfe2dO0xdWf6LUeVB/view?usp=sharing,450.jpg
https://drive.google.com/file/d/18GluoIzVFP_yuVpBX8Em1bx0GIg1TuH2/view?usp=sharing,451.jpg
https://drive.google.com/file/d/1n7oysLfUrSXnp0w2r38eQoTrdQM8-PxP/view?usp=drive_link,452.jpg
https://drive.google.com/file/d/1IeejxodAEOPnBK-2VdYiVAvRH6sKjGMd/view?usp=sharing,453.jpg
https://drive.google.com/file/d/1ClAbuwZR2mkRJo44BvUWsBonRFgqp8o9/view?usp=sharing,454.jpg
https://drive.google.com/file/d/1gO4uoZDw653SarG3mWpECpO7DSWqj83-/view?usp=drive_link,455.jpg
https://drive.google.com/file/d/146ppWjMD-jv8MsLWh8oFtUXFi-waMntP/view?usp=sharing,456.jpg
https://drive.google.com/file/d/1KAtEMGAr-LWfEzuwFy2roR4vCQ_ecl0O/view?usp=sharing,457.jpg
https://drive.google.com/file/d/1wf6c8LLSodZ_5OvMkPTLXeXSwKibzPvZ/view?usp=sharing,458.jpg
https://drive.google.com/file/d/1p3MZ2l74Zw8yLG7DGA22YUKqeK1K3i0n/view?usp=sharing,459.jpg
https://drive.google.com/file/d/1zilnZ-Hg2NZiL6TR6YmDYtIdKcj2JFhH/view?usp=sharing,460.jpg
https://drive.google.com/file/d/1toIitkmj6xnqEM3CAiCHxzQrhXRD_p_Q/view?usp=sharing,461.jpg
https://drive.google.com/file/d/1DDUPUz1PJYIlmUsQ4fi7k8l6xKAqzb0q/view?usp=sharing,462.jpg
https://drive.google.com/file/d/1d3Tz4L7BbfVIgBMIOeEAk7SC_ZshiTvk/view?usp=sharing,463.jpg
https://drive.google.com/file/d/1BVKNqBpLdgfT2kJpyOrEvhicjUJSFpHZ/view?usp=sharing,464.jpg
https://drive.google.com/file/d/1cfjkxrnn1-Ws7c5KzE7-FN0aIqqXiOQF/view?usp=sharing,465.jpg
https://drive.google.com/file/d/14gGzy8x1LnSpUooRiggjZ5-PixOQB8gj/view?usp=drive_link,466.jpg
https://drive.google.com/file/d/14_16MBBgKRM9oZwTGSN9GJblFNuwndpf/view?usp=sharing,467.jpg
https://drive.google.com/file/d/14p-MA9AmO3Kf44iLqLgrc1KHWBpaRA8G/view?usp=sharing,468.jpg
https://drive.google.com/file/d/1gYGD8SnyvMsNgSmeWgF1xZiAFm5Pllca/view?usp=sharing,469.jpg
https://drive.google.com/file/d/1oKNR9wwqt_xhVWvfB_UxP1F71nz31tEN/view?usp=drive_link,470.jpg
https://drive.google.com/file/d/1CUsrIf1BGnnhCTX1GHmaVbo11NgeEMgr/view?usp=sharing,471.jpg
https://drive.google.com/file/d/1tx8o8w91aqw3k6CaxI1f-gxpAoV22yp6/view?usp=sharing,472.jpg
https://drive.google.com/file/d/1fYamTMa1ZB3CzDOyWxCfhKI3L2j1vR7J/view?usp=sharing,473.jpg
https://drive.google.com/file/d/1TaGhr-WWip-eRu9sYUy8KrsB9UlfG_Im/view?usp=sharing,474.jpg
https://drive.google.com/file/d/1WhNKzZTbdfwBOrXV9XiU9JzpykR_FM0x/view?usp=drive_link,475.jpg
https://drive.google.com/file/d/1U2_8uATTliNhBZDx61INANKTKxk7cpTi/view?usp=sharing,476.jpg
https://drive.google.com/file/d/1iyfbKhJpQQbLHS6L_csK5S-Z-3ZxMpQo/view?usp=drive_link,477.jpg
https://drive.google.com/file/d/1pczJLTVnLyHDjo-fmzd5s_A2lnG8fHM7/view?usp=sharing,478.jpg
https://drive.google.com/file/d/1skss2BI_-uGWDYIrkmbfefHHXDWYy7yn/view?usp=sharing,479.jpg
https://drive.google.com/file/d/1EYKumlSsrqKHNA6TbZfnrscg0F5KgSYg/view?usp=sharing,480.jpg
https://drive.google.com/file/d/1izJIViWYKVGzESq3qfuHbCfkmMbXkVuc/view?usp=sharing,481.jpg
https://drive.google.com/file/d/1prtRSSRBp4ryNBbiHEfOgJJIMpOsf_o3/view?usp=sharing,482.jpg
https://drive.google.com/file/d/1Wch_kcxO-_MSrBd4tyGQsC_dXyOttIIF/view?usp=sharing,483.jpg
https://drive.google.com/file/d/1JLUIkzxiJ2P-eVOgnLmb1zyker17wj7l/view?usp=sharing,484.jpg
https://drive.google.com/file/d/1eG4x0HMf4jIlTARyW3hf9EE8Q_PSqHPE/view?usp=sharing,485.jpg
https://drive.google.com/file/d/11iBGMQfdQzKS4Wie-FoCiOstUhF1691I/view?usp=sharing,486.jpg
https://drive.google.com/file/d/1xY_MqEc3uOEL5xvE9lYTGJ6OJPlAArWS/view?usp=sharing,487.jpg
https://drive.google.com/file/d/1B66SI9Dx9uKodmlWUP36XMclnJ86wzfx/view?usp=drive_link,488.jpg
https://drive.google.com/file/d/1g1Mx-NYMg_V6pY61FWRZYa5BYSA8RA8i/view?usp=drive_link,489.jpg
https://drive.google.com/file/d/1m8Y-P-lBw6IkILN6LVQ2sO9xx9D8qSBD/view?usp=sharing,490.jpg
https://drive.google.com/file/d/1-24c2KWUAgvO9hgrPOi8DOnRnKUVIjKe/view?usp=drive_link ,491.jpg
https://drive.google.com/file/d/1FbZn7Ojm0C4dIcZb9cxyFdBmLJVtHK1l/view?usp=drive_link,492.jpg
https://drive.google.com/file/d/1y8Ol0_urR_KdDlcWEw9hZ979KBQ_ozHp/view?usp=sharing,493.jpg
https://drive.google.com/file/d/1nUmCRu4wnqWaowKbc8AkUMsjxFN1g9BU/view?usp=sharing,494.jpg
https://drive.google.com/file/d/1CUSdhwdv4mKO8c30z-K8wWLX-Dibzj5I/view?usp=drive_link,495.jpg
https://drive.google.com/file/d/16HF6JflQ4VWKxRtBgxJIKaJ-__AZhLLR/view?usp=drive_link,496.jpg
https://drive.google.com/file/d/1S24x5sEIadqssQviVVvP9I8ZhijxHtS8/view?usp=drive_link,497.jpg
https://drive.google.com/file/d/1bUgYhh6J97bHW_fCGBklhFK19Hg6E412/view?usp=sharing,498.jpg
https://drive.google.com/file/d/1r6QzSpIA_7uUj7VMhnHKyc8VIJ5VeM0I/view?usp=drive_link,499.jpg
https://drive.google.com/file/d/1kxwTqZLKkj_Ga1sxMdjcBk6LLutuz39T/view?usp=sharing,500.jpg
https://drive.google.com/file/d/1PDaYV4ruR5KHQn2xEwIFcI4G-ZtiTVMB/view?usp=drive_link,501.jpg
https://drive.google.com/file/d/1_h-ZuOeEI_atTR4dz223E24V5sWlPdAn/view?usp=sharing,502.jpg
https://drive.google.com/file/d/1E_zU43NdPQrQs_EbbgIeOVJr1IAQ1b_O/view?usp=sharing,503.jpg
https://drive.google.com/file/d/14SW8n5lb3oYoXJv_Rvnap-Aq51sdmBW9/view?usp=sharing,504.jpg
https://drive.google.com/file/d/1Fq-NpWkRkGr7cLwbrV84SzufV_aWAasr/view?usp=sharing,505.jpg
https://drive.google.com/file/d/1c6ieeJOV0oWUI1mr-p9FOf9xvwkeVctA/view?usp=sharing,506.jpg
https://drive.google.com/file/d/1yuqh5SDNygg4LWsoT1Xy9YTyK0rxVKAg/view?usp=sharing,507.jpg
https://drive.google.com/file/d/1bVn8rCLprj9LaS6qSnBMF3DJIw7nkL15/view?usp=drive_link,508.jpg
https://drive.google.com/open?id=1iwSQEorUGhLeyaNTGWmcYjNfwID4V4Ib&usp=drive_copy,509.jpg
https://drive.google.com/file/d/1urQIYV5HdFA_cc0L0DFNa4CURMfBJjo8/view?usp=drive_link,510.jpg
https://drive.google.com/file/d/1Gf6Ri6evvJFPydrHiaWx4QY7vizDJegV/view?usp=drive_link,511.jpg
https://drive.google.com/file/d/1FtHkL-AdkRCQvQ3tup-oLG_qljuCxq5w/view?usp=sharing,512.jpg
https://drive.google.com/file/d/14RLz2rhmGQZmMeXmHXS56q6fYPTTMZJx/view?usp=drive_link,513.jpg
https://drive.google.com/file/d/1eS3xdgg3NdHjNuZm-PCj_U3BfXR0yy9S/view?usp=sharing,514.jpg
https://drive.google.com/file/d/1uhh5L7klH8OgV65X8ksU7J-lH6GYnN4-/view?usp=sharing,515.jpg
https://drive.google.com/file/d/1yVXzFBXX6-Tsb9FVPimCrE8TubjyVWUU/view?usp=sharing,516.jpg
https://drive.google.com/file/d/1BZPT1R2VW41maP6zRWQP2__Cje0nI-SG/view?usp=drive_link,517.jpg
https://drive.google.com/file/d/1KUmdAfF4TPnlWbzIeGA76YfkkGpVMUmQ/view?usp=drive_link,518.jpg
https://drive.google.com/file/d/1CqKFvOAsjBg7BpIMNFhTCIRtb4EpNTe4/view?usp=sharing,519.jpg
https://drive.google.com/file/d/1pW0Clhw4iQ6VvtMC86K_iPalDQhpestL/view?usp=drive_link,520.jpg
https://drive.google.com/file/d/1a7gK2Fh5ykFOaxw4_sueISoNJP-pGiSU/view?usp=sharing,521.jpg
https://drive.google.com/file/d/132K6KvJdE9lbZtg_ybJLfOEPzKJZcnau/view?usp=sharing,522.jpg
https://drive.google.com/file/d/15qF6ZwL9-f_DYrvkM3A83ydYsEbEJEmK/view?usp=drive_link,523.jpg
https://drive.google.com/file/d/11xDznVRakaZqkrp2VOZXjdDgKXBkis-u/view?usp=drive_link,524.jpg
https://drive.google.com/file/d/1XlcoOWHVc25g5V60fl28nLOWGrnP1jLT/view?usp=drive_link,525.jpg
https://drive.google.com/file/d/1h9UxX4llrCqt8mPiUw6G53XTsaOKQb4Y/view?usp=drive_link,526.jpg
https://drive.google.com/file/d/1Mkolvpncrqbbodcp7p_QFyahwUrAabfA/view?usp=sharing,527.jpg
https://drive.google.com/file/d/11_Qmki0qgGKl7UUkuuAVjbH9UzmfX-qA/view?usp=sharing,528.jpg
https://drive.google.com/file/d/12j4LNcx3F1nnwTOsPVTvLrQGtgg6c-Me/view?usp=sharing,529.jpg
https://drive.google.com/file/d/1_3R4q50xu1yCQG9gAsv0N7Y30gmNDBsG/view?usp=sharing,530.jpg
https://drive.google.com/file/d/16B6D0IDuHuixxTYqmvYLjeLuAh-_nWS0/view?usp=sharing,531.jpg
https://drive.google.com/file/d/1qTHESHjLrkqI-qXAdiuqsn_ps2XVA-kP/view?usp=drive_link,532.jpg
https://drive.google.com/file/d/1ge0uSpMcmvzD_Cpmw8O9XZDxmWjnwoVr/view?usp=sharing,533.jpg
https://drive.google.com/file/d/1PzgfiFfMO18oSYFjyNqTvhmVruCUAL7O/view?usp=sharing,534.jpg
https://drive.google.com/file/d/15srXsAeVJClkXGw605dER3-IGHMQBtlr/view?usp=sharing,535.jpg
https://drive.google.com/file/d/1OqGmVImRpdqbNcBelAsODrEYrVb-M9l3/view?usp=sharing,536.jpg
https://drive.google.com/file/d/1WsJNbwRJFWHCFhcRml0G0WDuwYREb7eQ/view?usp=sharing,537.jpg
https://drive.google.com/file/d/11jxogFxkqEeS7Kqe9yWTU0EV_JBtB-v4/view?usp=sharing,538.jpg
https://drive.google.com/file/d/1rfdNbyue77FhReHqNOVYVUC1cUTvMa-9/view?usp=sharing,539.jpg
https://drive.google.com/file/d/1OqGmVImRpdqbNcBelAsODrEYrVb-M9l3/view?usp=sharinghttps://drive.google.com/file/d/1OqGmVImRpdqbNcBelAsODrEYrVb-M9l3/view?usp=sharing,540.jpg
https://drive.google.com/file/d/1u8VK0lxAXcrHYFRBYUNiyNZ8oVI3AJUV/view?usp=sharing,541.jpg
https://drive.google.com/file/d/1ENdgUCXH1MKroqKuthjHiqwhKITlbvVt/view?usp=sharing,542.jpg
https://drive.google.com/file/d/10IwT2x7PKJNMjrQQOMsQFFy_LcQIxhmm/view?usp=sharing,543.jpg
https://drive.google.com/file/d/1FZDhwtssqO1rW3jcyk4NNlMV43KeQy4S/view?usp=sharing,544.jpg
https://drive.google.com/file/d/1_WmTq0L6G-N8n9uDw0BL0mLay52hPI-e/view?usp=sharing,545.jpg
https://drive.google.com/file/d/1iq6zAovhCgjVK0bgDB4o91jp5AyLOyKl/view?usp=sharing,546.jpg
https://drive.google.com/file/d/16s_pNkWCZTAR4qyc6LpVG01K8roTxBAf/view?usp=sharing,547.jpg
https://drive.google.com/file/d/1dYhmsepl6YPtXr1DC4Wy-nWxozoK04Zc/view?usp=sharing,548.jpg
https://drive.google.com/file/d/1Hm9HM6UZcXe9iykxGVnan5FJ9uDHPl1i/view?usp=sharing,549.jpg
https://drive.google.com/file/d/1J40o_4X5NPKM8odRSC96oKfXBeV1uaVd/view?usp=sharing,550.jpg
https://drive.google.com/file/d/1JAMeED7-u0koy2bJ6ZZhhu2cGCZc2VjH/view?usp=sharing,551.jpg
https://drive.google.com/file/d/1YGFZKXlwiK85GK_PJxHaZa8d6ookeY2C/view?usp=sharing,552.jpg
https://drive.google.com/file/d/1opMUBz-Ry_RggxD_L961PswgYcUax0P0/view?usp=sharing,553.jpg
https://drive.google.com/file/d/1WZAiYGG0ptnubbIafOZIRSxHuxl4oAT0/view?usp=sharing,554.jpg
https://drive.google.com/file/d/1GbnLww2TPOkVEwj0PMFimPLOba9qBpJ8/view?usp=sharing,555.jpg
https://drive.google.com/file/d/1K1gAdvphsn2l7d5g21SpsVNxSp_HsMFO/view?usp=sharing,556.jpg
https://drive.google.com/file/d/1ugNtH1ppiOXsqiXMIot6I3Eusy8UvLV2/view?usp=sharing,557.jpg
https://drive.google.com/file/d/18A2zmySdmMzCpWgplKo0ChcGUG1_cmXE/view?usp=sharing,558.jpg
https://drive.google.com/file/d/1cc5uUf-xZu_7O3iGeawK5D5EwQksugts/view?usp=sharing,559.jpg
https://drive.google.com/file/d/1UwsKv-uRREqsmHyF31flzJZe7PcSSQbS/view?usp=sharing,560.jpg
https://drive.google.com/file/d/11yRXh39ucGycAOCvH1m322j9E160n_Ne/view?usp=sharing,561.jpg
https://drive.google.com/file/d/1YwDMyzmTgXHa05VDtgeCgzOs2TMnZlPY/view?usp=sharing,562.jpg
https://drive.google.com/file/d/1tPo--4CXR5mOZ7NmzUCszyk2izcLlQ0t/view?usp=sharing,563.jpg
https://drive.google.com/file/d/1qoqBmOo1izc8JXQvt4BB4XBWTaXgtOXI/view?usp=sharing,564.jpg
https://drive.google.com/file/d/1VI_Qcv_yN9Y5Pv8Kc8hv-yo9x-EtTweT/view?usp=sharing,565.jpg
https://drive.google.com/file/d/1ohzjBXeOC8kzLwll8WWEas3mxavUMfjA/view?usp=sharing,566.jpg
https://drive.google.com/file/d/1FFM4xwd8gWBonD31XzmGbV8AX8u5WUDA/view?usp=sharing,567.jpg
https://drive.google.com/file/d/1EujxBi52FCCneFYzE-DlwyLnWS-xTagZ/view?usp=sharing,568.jpg
https://drive.google.com/file/d/1rTI7pULnX4kdfxjX5gVahEBtgScY64oT/view?usp=sharing,569.jpg
https://drive.google.com/file/d/1fZBtxJPL0iDTkwj6g6_hL_APRoP9_VU5/view?usp=sharing,570.jpg
https://drive.google.com/file/d/1v6yYWJQAuDLxkIh5lWYiOgs94jo9JQoA/view?usp=sharing,571.jpg
https://drive.google.com/file/d/1rYC_7-4FmLeWqFd054WcLs4H9s88iSJK/view?usp=drive_link,572.jpg
https://drive.google.com/file/d/1tYSQKNRz8tUaYoyT4_mSBzUtl5bkpYCT/view?usp=sharing,573.jpg
https://drive.google.com/file/d/12kKvu8IBTJkLrM3hsryH2oaUOq9wkAyI/view?usp=sharing,574.jpg
https://drive.google.com/file/d/1i0Fyi1U2KcNHbvvvDIlINUkFHD4jNSh-/view?usp=sharing,575.jpg
https://drive.google.com/file/d/1QWo8EppDW6fRa-Pcx0ZMJHkZJRvayVBk/view?usp=drive_link,576.jpg
https://drive.google.com/file/d/1DzDpg8pzUi2qQM9pMqwaVjuJDqRcwGKm/view?usp=drive_link,577.jpg
https://drive.google.com/file/d/1bofXjW4NfqMXqmpThXxlHQW4fy6HCCaG/view?usp=drive_link,578.jpg
https://drive.google.com/file/d/1UIzSmKGllmaO0qMygmDRiKa8IPrtz8Wq/view?usp=drive_link,579.jpg
https://drive.google.com/file/d/1JNelGvZOtNigBMeI28EU25cBpiRNps7Q/view?usp=sharing,580.jpg
https://drive.google.com/file/d/1J8DGTe2IxCSp2CJoGa1c-TW40BuV7raE/view?usp=drive_link,581.jpg
https://drive.google.com/file/d/1kJQEqLT2dGgQ3N9MHemPXjw14vYn2gXA/view?usp=drive_link,582.jpg
https://drive.google.com/file/d/1W6DmkeKhgpQ6HIqyOl8ULbYg8cyEz0d9/view?usp=drive_link,583.jpg
https://drive.google.com/file/d/1lbe6pHoOX2BV2RNPZqMVbsEROmr9b5iS/view?usp=sharing,584.jpg
https://drive.google.com/file/d/10JbbuK2ksBM5FEwnR21mTKSIg6-rGzhc/view?usp=drive_link,585.jpg
https://drive.google.com/file/d/1KHcNfS-rLgCp7he0M7v9PyUWv91bKKlq/view?usp=sharing,586.jpg
https://drive.google.com/file/d/1dz5K5f9Nv2rCWKi8gQna_B64L4xF1lpV/view?usp=drive_link,587.jpg
https://drive.google.com/file/d/1YIbwYlwdPoFJUrvG26vBqwnTA4vFemH1/view?usp=sharing,588.jpg
https://drive.google.com/file/d/1qKTtx2bVx8DqQ9d4X2HRUhr2D94BlzeH/view?usp=sharing,589.jpg
https://drive.google.com/file/d/1L3griCr-7_6nzjzAQPsnKiibwF9km0H5/view?usp=drive_link,590.jpg
https://drive.google.com/file/d/1NqcFi1peyN-DuF0OuByakSr0lrdSEIGg/view?usp=drive_link,591.jpg
https://drive.google.com/open?id=1aIWPqaDv5mdSgEq6yDZbAhXDNqbQ7w5Z&usp=drive_copy,592.jpg
https://drive.google.com/file/d/1X496KiaAGEo47_Rp30Iostg7h_sgGEK8/view?usp=sharing,593.jpg
https://drive.google.com/file/d/1nMainPC9htRnYgDJGiDZNFsXMynaB0YO/view?usp=sharing,594.jpg
https://drive.google.com/file/d/1R26rpPnvjB6vExcmZiogBoRv1kh9PDna/view?usp=sharing,595.jpg
https://drive.google.com/file/d/1aYVo11BbHjCNVlQCgjgs7aqhzmTaikXj/view?usp=sharing,596.jpg
https://drive.google.com/file/d/1ed7CaenQ9rbkqDg31nHg13-TRsdjeflf/view?usp=sharing,597.jpg
https://drive.google.com/file/d/1WhBEvVG2zKE6RE_RLPbh8jfuPj-DLb3e/view?usp=sharing,598.jpg
https://drive.google.com/file/d/1LReBi4l_MLl7STd2g4biqxzTxAx9bA4a/view?usp=sharing,599.jpg
https://drive.google.com/file/d/1wa67Odn57TSqTLETmvikftLHu0GMMcLa/view?usp=drive_link,600.jpg
https://drive.google.com/file/d/1sVKizgA3QnMOtyy7qNs8X9ndbUMsWmuE/view?usp=sharing,601.jpg
https://drive.google.com/file/d/1ROKk7mE-G6EUNhfR7a4vAXrr6UQFpbXw/view?usp=sharing,602.jpg
https://drive.google.com/file/d/1gIc6npFIezWPuRAQClkBHg3K5HpAwDTk/view?usp=sharing,603.jpg
https://drive.google.com/file/d/1DUJ30Sl4i34yGG5leZIL91AAOYQypycm/view?usp=sharing,604.jpg
https://drive.google.com/file/d/1RVjCxZh50qy4aIic-aY3PWjSmy2oAgVm/view?usp=sharing,605.jpg
https://drive.google.com/file/d/1Dy28jSdmZo4fX1XDHXxVQVxNVpf54tdw/view?usp=sharing,606.jpg
https://drive.google.com/file/d/1MIRt_i8n5z7nk9CNWYXVsQ6oMzfE70xz/view?usp=sharing,607.jpg
https://drive.google.com/file/d/1tX2agdycBIu3O0qdoVYjKYA_m3wzz7yi/view?usp=sharing,608.jpg
https://drive.google.com/file/d/1jaYm3TgI2IBWA2BUVVUogJ_o8-QMQZN1/view?usp=sharing,609.jpg
https://drive.google.com/file/d/1IiQh9VjcPADWHw-EUkf-WjJmJgtCUIl6/view?usp=sharing,610.jpg
https://drive.google.com/file/d/13jEwppiT8qS5mOqlYMd5R6Jvm04tUxpq/view?usp=sharing,611.jpg
https://drive.google.com/file/d/1s0lSdcl9afdDlvTXYzKPm_70WTjqmo3Z/view?usp=sharing,612.jpg
https://drive.google.com/file/d/1B36NDbsAD14_1cBxKfNBFE2bacoiiIA-/view?usp=sharing,613.jpg
https://drive.google.com/file/d/12a320KFU49Q22OyTOvACDVixcRer1v4H/view?usp=sharing,614.jpg
https://drive.google.com/file/d/1-z3J-aAsUl9AyUVITEDWCFy0J_WDtUQG/view?usp=sharing,615.jpg
https://drive.google.com/file/d/1X1NC0Q3vk8WE9LvZLKMAXJvPk3vlLVrb/view?usp=sharing,616.jpg
https://drive.google.com/file/d/1zcSYCq7ymkaCpr9sIJm7rsA3luVq-XEs/view?usp=sharing,617.jpg
https://drive.google.com/file/d/1pyQstjJZOoKDUECn8lpjVkVEJglsI_E8/view?usp=sharing,618.jpg
https://drive.google.com/file/d/1sGtKCHYC5PGhGGovL--qGa1f1C0k0nOV/view?usp=sharing,619.jpg
https://drive.google.com/file/d/1dI3i5i2Nog-7TIorujbZvPMeYPLjNmZB/view?usp=drive_link,620.jpg
https://drive.google.com/file/d/1bi2kmjYCh6-ORzrj20fXYjuM_hXG5ZH6/view?usp=sharing,621.jpg
https://drive.google.com/file/d/11-uMVO6c3eldXkQ4PgY3t0lVEBXj_ULF/view?usp=sharing,622.jpg
https://drive.google.com/file/d/1EGN7Oh0nTqJYmrV8vRFSe_aLVr8zrbgx/view?usp=sharing,623.jpg
https://drive.google.com/file/d/1ds2HTbfkFOUh_YVhybeKYDjIn4iO1KI-/view?usp=sharing,624.jpg
https://drive.google.com/file/d/1DEZz52RsghdgI_jZTMn-mx0br1fwpFru/view?usp=sharing,625.jpg
https://drive.google.com/file/d/1em0l3V7p1ogxMfcVABV3Q6jMzd0__bfK/view?usp=sharing,626.jpg
https://drive.google.com/file/d/1xYq4Dvk8Dk8PkSkRy32Uyga7CXkJ8vAX/view?usp=sharing,627.jpg
https://drive.google.com/file/d/1uPswEtGbVoTygCiTFVT2mLvmuTMOUQ8A/view?usp=sharing,628.jpg
https://drive.google.com/file/d/1nxCfWyJ_lSYhZLviVa67EuNv-JzlUoEO/view?usp=sharing,629.jpg
https://drive.google.com/file/d/1lCd-SCfT9816X9flrqFPlQGnbH_QEmac/view?usp=sharing,630.jpg
https://drive.google.com/file/d/1e09wHUhmcISoqWIDA3wsE84400vKN5qM/view?usp=sharing,631.jpg
https://drive.google.com/file/d/1KGmV1Ryj3f6hy-u_dBw_DSvO9cEXiQAU/view?usp=drive_link,632.jpg
https://drive.google.com/file/d/1TUZM7VRE-kaXxaSnsiFIuTIx8VaTSuqG/view?usp=sharing,633.jpg
https://drive.google.com/file/d/1dZrh9ol1RZLWXkgyj45fgF9dgebTqLdF/view?usp=drive_link,634.jpg
https://drive.google.com/file/d/1ZlGhKJn0gPeVaG-j9i5hygojegHpn_Y_/view?usp=sharing,635.jpg
https://drive.google.com/file/d/1fc4lZ6xVSeFZK3SgVAVIs0A66nuv6zME/view?usp=sharing,636.jpg
https://drive.google.com/file/d/1HnVqfF84WmTiFwd5A4ZuvWEBo2D3yTlE/view?usp=drive_link,637.jpg
https://drive.google.com/file/d/1b59wrb9HS-snxNHTc5BoAcGwAL1lB0Rz/view?usp=sharing,638.jpg
https://drive.google.com/file/d/1Cw3oPXTNc-8SRhdtrmQYyiTvDaszARPN/view?usp=sharing,639.jpg
https://drive.google.com/file/d/1FT6P2q_cktpRqA58pw5JI58tA9R0P3BS/view?usp=sharing,640.jpg
https://drive.google.com/file/d/13BzRSzuvk2su6_qf72km9EkDk6gg3Iqa/view?usp=drive_link,641.jpg
https://drive.google.com/file/d/1yiiOYH44i6dc55AQDM7o7eycfFI39XwW/view?usp=sharing,642.jpg
https://drive.google.com/file/d/1ykY60oGbVNzm3vm41Sw4Ts1kDiSO5gjp/view?usp=sharing,643.jpg
https://drive.google.com/file/d/1To4f_zxdcC6nVMeuf42V-32MmiEU5jxS/view?usp=sharing,644.jpg
https://drive.google.com/file/d/1euj4QAMrOxGJVTxv0VX9mSsgDp8o5SwZ/view?usp=sharing,645.jpg
https://drive.google.com/file/d/1IGCUmxaQ4KuTOm8JOXB9j9H66jDnC7k5/view?usp=sharing,646.jpg
https://drive.google.com/file/d/1T8fbtlJZcRwfzooXEoNBepkxSHE2HJjG/view?usp=sharing,647.jpg
https://drive.google.com/file/d/1aeBYvXXRRb7XOm5OW_eMlyeAIEi7Zc5t/view?usp=sharing,648.jpg
https://drive.google.com/file/d/17W0dNbQ648WWbCLDQ3kAkeR0bT1bWMyW/view?usp=sharing,649.jpg
https://drive.google.com/file/d/1C-zce9kzLUaNTvKVjPkRBpmnQOMidjcp/view?usp=sharing,650.jpg
https://drive.google.com/file/d/1fiU4LXhMtwbHsk-TL8j4fPXdxTFpO-rz/view?usp=sharing,651.jpg
https://drive.google.com/file/d/1BIr6iHby7jMXjpuvncHJZsgwtwrFX6V_/view?usp=drive_link,652.jpg
https://drive.google.com/file/d/1Xy_Atc0CRVipJzZ4bR5RCYHdQORn6Yxp/view?usp=sharing,653.jpg
https://drive.google.com/file/d/1bNjz8xEGK6sK4_mFB7n0BzUStvi02qzP/view?usp=sharing,654.jpg
https://drive.google.com/file/d/1GJPQZOTJ47ZRiIKEu_ijYwvfBNaT4KA5/view?usp=sharing,655.jpg
https://drive.google.com/file/d/1g0Aaap92WMbAwnbJvE20t419aXKMEHdi/view?usp=sharing,656.jpg
https://drive.google.com/file/d/1snZWjNgaZvOZOvpi3m_lca-YuYQL6EBD/view?usp=sharing,657.jpg
https://drive.google.com/file/d/1qWNftiUjp_6PFO-bW7sN6OLGfcD-I8OY/view?usp=sharing,658.jpg
https://drive.google.com/file/d/1NQOsEWtgZnLSr1Ii5PB_SnSTL28Emh96/view?usp=sharing,659.jpg
https://drive.google.com/file/d/12y3RCcUA6c2px4Via0vV9blbTbjsS6yw/view?usp=sharing,660.jpg
https://drive.google.com/file/d/16gkTECYcnvJgqAf4b7F6zKXjVETn1PHf/view?usp=sharing,661.jpg
https://drive.google.com/file/d/1fK5cnosN9juhwT1bAWSq2FvsfWWj1gyO/view?usp=sharing,662.jpg
https://drive.google.com/file/d/1PNlqc0Jg4bm9KOsakVSsKmJDaQwqLGrB/view?usp=sharing,663.jpg
https://drive.google.com/file/d/1ugNcKK4aK5sfykfGJelCbC0BlHQmzJue/view?usp=sharing,664.jpg
https://drive.google.com/file/d/1W-3y9MBzBjx8H95X6f2oIWBLj-DtqM3n/view?usp=sharing,665.jpg
https://drive.google.com/file/d/1YhM8UkgsSZHqjoDamOfASySXkSBuUqkz/view?usp=drive_link,666.jpg
https://drive.google.com/file/d/1hsJYQPx35z_tpn9uIYLCBrJcAW3-kaKZ/view?usp=drive_link,667.jpg
https://drive.google.com/file/d/1GlgWw9CNYkuvPqXiAgChQuDim1Uuife8/view?usp=sharing,668.jpg
https://drive.google.com/file/d/1rrV-LGMh61x6R9PewBmeTL1d64KcHetZ/view?usp=sharing,669.jpg
https://drive.google.com/file/d/1-jngNe1TjCNHe1IDkP8QMYCE2mDGbxCo/view?usp=drive_link,670.jpg
https://drive.google.com/file/d/1TT4fuIpUKuMK-jVrWlcStBgpHS3YAMh6/view?usp=sharing,671.jpg
https://drive.google.com/file/d/16Mn418BJmgaCo2BI0gZ-yjV4YknV-Me0/view?usp=sharing,672.jpg
https://drive.google.com/file/d/1FsJW6EQkUTWRJefIm3ZxCPLIzrd43Khz/view?usp=drive_link,673.jpg
https://drive.google.com/file/d/1gqs34RS_CsCnUbNlLaEigxSxuKvzjTSX/view?usp=sharing ,674.jpg
https://drive.google.com/file/d/1EIJHJqxTwq3QNeS2pfh80hovd4qwlmcq/view?usp=sharing,675.jpg
https://drive.google.com/file/d/1ycooBDYhbqicxiNW3ADymBujgdMVhh8h/view?usp=sharing,676.jpg
https://drive.google.com/file/d/1se82yTl2XkZXiHxyTBVHQ5lEx33YqpxM/view?usp=sharing,677.jpg
https://drive.google.com/file/d/1Spf9Z_1pxgmFkXREBcqlKVeBtF5BJsxw/view?usp=drive_link,678.jpg
https://drive.google.com/file/d/19_33CkWxNa7YBxB_t2IlU0acbzpfLAJi/view?usp=sharing,679.jpg
https://drive.google.com/file/d/14mVSNxKB88kHmK1Nd3S6M-2rUVzmmoxr/view?usp=sharing,680.jpg
https://drive.google.com/file/d/1K7ORGQIqTYIzljlMvQhtWTqduHeVOJL5/view?usp=sharing,681.jpg
https://drive.google.com/file/d/1Rtk2PuVwS-VsNcuMIgiqosi_r-cXJ7HJ/view?usp=sharing,682.jpg
https://drive.google.com/file/d/1mmOSGJ31nNLEVlpLFer3vLZ79Sz6CfU7/view?usp=sharing,683.jpg
https://drive.google.com/file/d/1kCPmxpqPwahYN9Zk_mUwXoNnwNeBw6-w/view?usp=sharing,684.jpg
https://drive.google.com/file/d/1fFUNCmrvRDVvc81iu1b8TJph0gg69r3-/view?usp=drive_link,685.jpg
https://drive.google.com/file/d/1NMhgtm8VnCvrZsw5E6INJmkmxBzil_FZ/view?usp=sharing,686.jpg
https://drive.google.com/file/d/1B_E3Rai1ryz0k3GHQJvSW3MgQduprhw0/view?usp=sharing,687.jpg
https://drive.google.com/file/d/1XfQgYcSGSEHTrM44kyoeLowB6yFbYseE/view?usp=drive_link,688.jpg
https://drive.google.com/file/d/1WgfEzWjUdv0P2mkkCPQgevH6Jh-5EtJa/view?usp=sharing,689.jpg
https://drive.google.com/file/d/1l4o_T3GLD5cbWUmtwBa9KMSTQ5brDFsA/view?usp=sharing,690.jpg
https://drive.google.com/file/d/1bxyxoYtsYQCKsEs9mb6J21VeEGKH4Z9D/view?usp=sharing,691.jpg
https://drive.google.com/file/d/1XxewUMOBSh-QiWL-Qwit1yqn1gEzTk_V/view?usp=drive_link,692.jpg
https://drive.google.com/file/d/1qAWjFQka56L2bKl6Z_LGoTqGb_lPiUg-/view?usp=sharing,693.jpg
https://drive.google.com/file/d/18iv4UZEIfAj2PmB1VLe5LoM8jFsI-0HE/view?usp=sharing,694.jpg
https://drive.google.com/file/d/1kus7HMSqDmXB-J1H9-E0HgDyz-R2yvrp/view?usp=drive_link,695.jpg
https://drive.google.com/file/d/1cogvdQuqQEJyXfwApHlCnY-yq_ZX7ZoP/view?usp=drive_link,696.jpg
https://drive.google.com/file/d/1nXz3Rrm5QPyWj7efET_VRzs5iOMYc11i/view?usp=drive_link,697.jpg
https://drive.google.com/file/d/1jkOOfJWbCDVRymQ01TrUAX4_GRkDLWoN/view?usp=sharing,698.jpg
https://drive.google.com/file/d/1KLEW5l41OmLJQCdyFMU3oKK83YbGR-F-/view?usp=drive_link,699.jpg
https://drive.google.com/file/d/1B18hVnby1t3pvU1rCBn4Jk8lHEABtcFs/view?usp=drive_link,700.jpg
https://drive.google.com/file/d/1wpVK9cNa6EqqGi4Arps8be0GLRJOn4LZ/view?usp=sharing,701.jpg
https://drive.google.com/file/d/1NCsakxHhxs2ztIUruEc57gXQb1VbEIha/view?usp=drive_link,702.jpg
https://drive.google.com/file/d/1yzXkc052e-ZcwIMbWLOvGO0t6qcqKbgg/view?usp=sharing,703.jpg
https://drive.google.com/file/d/138q0AD0P0yo5aK4x76m4fXfgnQdZPui9/view?usp=drive_link,704.jpg
https://drive.google.com/file/d/1fm0zObhiapJTGjn_3eocgJh7JT_DPvDq/view?usp=drive_link,705.jpg
https://drive.google.com/file/d/1rpA97we9m0RP3dPni6h3e1CacyKaqOq2/view?usp=drive_link,706.jpg
https://drive.google.com/file/d/1eXwD9o73h1m91y7aWEv3Bl50xvzzUvu-/view?usp=sharing,707.jpg
https://drive.google.com/file/d/1hhenUN7M65luzXXiPl8vQTAAeNYDCQa-/view?usp=drive_link,708.jpg
https://drive.google.com/file/d/1QuUrfHlkT1MedSKoez73YJtMXrqxiyuP/view?usp=drive_link,709.jpg
https://drive.google.com/file/d/1yeHT27fH_dSIGm_aBvfzS09HVvw5C9Nc/view?usp=drive_link,710.jpg
https://drive.google.com/file/d/1u-Q_A_30rLICRE2PsZBJK_Q4nlmMyF0F/view?usp=sharing,711.jpg
https://drive.google.com/file/d/1CN3_oRbIPgh6zjbZBE1vu3wrUOmzflJv/view?usp=sharing,712.jpg
https://drive.google.com/file/d/1x597Rxs2xDujZLmHXWOyvvPoIjEe7BKh/view?usp=drive_link,713.jpg
https://drive.google.com/file/d/1geYBTT3pfwCp3B4kmqkwowpI4bj4Sm6i/view?usp=sharing,714.jpg
https://drive.google.com/file/d/1mAMTE9lRFCZBn_f-ETkFVAwjz5XKhwye/view?usp=drive_link,715.jpg
https://drive.google.com/file/d/1G2_AHHfi7du6qfnH9d65wHUNTrRfz3SS/view?usp=drive_link,716.jpg
https://drive.google.com/file/d/1ECZOvrgDXUoQkLNbYAIX2g6nbemKUflr/view?usp=sharing,717.jpg
https://drive.google.com/file/d/1W68GstUhtJesvdXlLjW6V8bzxbJsF_wf/view?usp=sharing,718.jpg
https://drive.google.com/file/d/1bF-pxszMIQK8gjdM8NMJ04ZwLsPjgpVp/view?usp=drive_link,719.jpg
https://drive.google.com/file/d/1SM-ZFOVfoFfNyVJ7Fio5mdBOoaockxsJ/view?usp=sharing,720.jpg
https://drive.google.com/file/d/14zfE_2i3qtGJ_Pa0T8ShIdbF5UO0Z3q9/view?usp=drive_link,721.jpg
https://drive.google.com/file/d/1kWskqM_--9yLooFJ4y2XzWu_5YdwR_gs/view?usp=drive_link,722.jpg
https://drive.google.com/file/d/1Jld1tGCp30EgKIBq4df9YsBtzPItA-Od/view?usp=drive_link,723.jpg
https://drive.google.com/file/d/1mkqdAWLmcZjq0UPzNbx6FWCtEEmWgqmW/view?usp=drive_link,724.jpg
https://drive.google.com/file/d/116dF0nE5PZx14YyvMRlrQyflBRr9QGMn/view?usp=drive_link,725.jpg
https://drive.google.com/file/d/1HlBoGA80ByAqGnMLW6JGXqebimcYL7VO/view?usp=drive_link,726.jpg
https://drive.google.com/file/d/1pwnCaHfA9CYafapZZtNfTnXtByrvEY_a/view?usp=drive_link,727.jpg
https://drive.google.com/file/d/1bwbSHIWCOV_3D60RUcyH8QwmXqvZeeC-/view?usp=drive_link,728.jpg
https://drive.google.com/file/d/14dvbj6b7fY-sIqF_AU7hlVbYyETBbF3C/view?usp=drive_link ,729.jpg
https://drive.google.com/file/d/1gBz5z-LxxwvTq2Lx6fxR4fxvHIPym-yK/view?usp=drive_link,730.jpg
https://drive.google.com/file/d/10I__3z0QouJtQBr-XzU8jA7nyIyclb8v/view?usp=drive_link,731.jpg
https://drive.google.com/file/d/1B6VvyvgOwhQq6-BrWCJnJXfaoysErHbs/view?usp=drive_link,732.jpg
https://drive.google.com/file/d/1k0JLus9UjcqQdfaYuih6-sWcsM-76aou/view?usp=sharing,733.jpg
https://drive.google.com/file/d/1titr5QvDI3D3IDIs0BNpqhDzOXENsShB/view?usp=sharing,734.jpg
https://drive.google.com/file/d/1r_8RBCt48Z_k8Jkl273i486kTpz6luP6/view?usp=sharing,735.jpg
https://drive.google.com/file/d/1vD-eWmOMML94SMc8KCjIoTjmf-PJZYi1/view?usp=drive_link,736.jpg
https://drive.google.com/file/d/1D3lRIz_H_kBpq2pN2knfL16GqoC8Utxp/view?usp=drive_link,737.jpg
https://drive.google.com/open?id=1e3VnfT7hiF1NfooPuszY-srZeyuPS6od&usp=drive_copy,738.jpg
https://drive.google.com/file/d/14oYAG1V7LgyjdgE6rnJSsaYABHcFjlXp/view?usp=drive_link,739.jpg
https://drive.google.com/file/d/1u78ARF6kqrOSGkzDDeOhfD919AypWlTa/view?usp=drive_link,740.jpg
https://drive.google.com/file/d/1EbDAR-qHs4TPD791_HctelQxmxUa2F7K/view?usp=sharing,741.jpg
https://drive.google.com/file/d/1_LBMU9gYpNRDGTsIyw4RcH4VprWdgaQB/view?usp=drive_link,742.jpg
https://drive.google.com/file/d/1a_UkdduNdLGNkNtE6Sg_4HiBj_FTposN/view?usp=drive_link,743.jpg
https://drive.google.com/file/d/18lexlQGv59otLYdBbmj0WgFnWzkXVpAO/view?usp=drive_link,744.jpg
https://drive.google.com/file/d/1lVcZnuG3TpBeGm4MdkhmG-Rh6uZkLuED/view?usp=sharing,745.jpg
https://drive.google.com/file/d/1oUuQS_fDeMEuDdLASlwcSjFdcjMmV_M7/view?usp=drive_link,746.jpg
https://drive.google.com/file/d/1uoRy4h5USnIrfNYR44mG8_Ri45cTN2WM/view?usp=drive_link,747.jpg
https://drive.google.com/file/d/1D_N30N3RGLQstAmltiiYmWKwr89osWcA/view?usp=drive_link,748.jpg
https://drive.google.com/file/d/1zkM_48sgiC7qXPGmgvdQg4e_jYQllfAh/view?usp=drive_link,749.jpg
https://drive.google.com/file/d/1_iyvvYtezrF6wPSZao1TWj4KhNofbQBd/view?usp=drive_link,750.jpg
https://drive.google.com/file/d/1cXjJ9958aApkseHqmZOq_p-oHQl6K6US/view?usp=drive_link,751.jpg
https://drive.google.com/file/d/11LKEat5BxB4i8kwGdsHE20mQYsdNnOH8/view?usp=drive_link,752.jpg
https://drive.google.com/file/d/1y1IKbbljhzDFd4m7ehwL36LqEmM8gGSb/view?usp=drive_link,753.jpg
https://drive.google.com/file/d/1eNhV9NLx3m7ZdPnHsUktLhAQbgw7rzuQ/view?usp=drive_link,754.jpg
https://drive.google.com/file/d/1VM9mnI7vaPmKsnDeo7wn9d5Ahr-LzHHo/view?usp=drive_link,755.jpg
https://drive.google.com/file/d/1V1NfYLopCaJt1HsuTn5A6-Ij8rTMPlH6/view?usp=sharing,756.jpg
https://drive.google.com/file/d/1Sw0QPJik3phKlChFG7QfzaOc0xoGRyEu/view?usp=drive_link,757.jpg
https://drive.google.com/file/d/1nz3z8BwP_yA0OVzI6-2LTYLS7kMEUdJI/view?usp=drive_link,758.jpg
https://drive.google.com/file/d/1L0YfO66ogEQFcr4gUl8T3qzNgyZMUwf0/view?usp=sharing,759.jpg
https://drive.google.com/file/d/1i_Sw62VyetD2xZSFnNPT1a7mzdTFUhIe/view?usp=drive_link,760.jpg
https://drive.google.com/file/d/1nBbx0ZrOs_zfRMnS7wEdlPj8E-BljP2f/view?usp=drive_link,761.jpg
https://drive.google.com/file/d/16gQdw4VgWb3mNp09dJ9W1Q0584whtdwL/view?usp=sharing,762.jpg
https://drive.google.com/file/d/1uDiFxgT3golUgu7E5uclNq4COR5HRJib/view?usp=drive_link,763.jpg
https://drive.google.com/file/d/1YP6TzbnouF-LTyYi_h_BvYvcIB63HdIi/view?usp=drive_link,764.jpg
https://drive.google.com/file/d/1AfESufn2dwIfn1ib2-2FDDBUTs_W0kGW/view?usp=drive_link,765.jpg
https://drive.google.com/file/d/1_De8h3H2lAUtHFqSNFOvLhLwwRzR3g3h/view?usp=sharing,766.jpg
https://drive.google.com/file/d/1LZZLpbShHgMtlJcuw41TLAQkP_mk8oqO/view?usp=sharing,767.jpg
https://drive.google.com/file/d/1FwyTjJSA6J-URJCWIJ9ZTQRYkCagQcOi/view?usp=drive_link,768.jpg
https://drive.google.com/file/d/109-UUKRXlyU5INw9Kr2lgdDGvJ-X61wA/view?usp=sharing,769.jpg
https://drive.google.com/file/d/1MetEC4Ht75zYjOYfrsHlJXU-30hJwfI_/view?usp=sharing,770.jpg
https://drive.google.com/file/d/1UXHyytkaee9j6ewNYxJsL1HJL_jWncfy/view?usp=drive_link,771.jpg
https://drive.google.com/file/d/1_qzjhFHipL6cEMeBFWoez_ZyhyvTKmZ9/view?usp=drive_link,772.jpg
https://drive.google.com/open?id=1gDzmA74pfKzYI1Zu4NU-EuqgrbFETu41&usp=drive_copy,773.jpg
https://drive.google.com/file/d/1p_ZCkSfEvI2n_UU-KWOglLyxU_LSetIi/view?usp=drive_link,774.jpg
https://drive.google.com/file/d/1EToBS2Cxva4bbn7nPMI_9MwVgUMWp19m/view?usp=drive_link,775.jpg
https://drive.google.com/file/d/1-OMdxO39VIo1oc2mCxNO6wAF5iXqhavi/view?usp=drive_link,776.jpg
https://drive.google.com/file/d/1-gplsrkstHN1k8EM-Yw2gIzBsQecwmRD/view?usp=sharing,777.jpg
https://drive.google.com/file/d/1fxf7ZFL0zQyu8KpLAwGXMzTXloWaSh-O/view?usp=sharing,778.jpg
https://drive.google.com/file/d/14niEyLGSPNbQ2bhnl2fEHkfn466uITXJ/view?usp=sharing,779.jpg
https://drive.google.com/file/d/123a0m6JFICpMCBElwJMPeLLU0CZYUKPg/view?usp=drive_link,780.jpg
https://drive.google.com/file/d/1fERurJqWGtqVPuX5G8_oKZSgoPY0IFC2/view?usp=drive_link,781.jpg
https://drive.google.com/file/d/1mZlgROfbskF0IrMl9o_BNzD3h4_CH_lj/view?usp=sharing,782.jpg
https://drive.google.com/open?id=10mxM5s6suI763Y6FdwkSPK6q4jk5ay81&usp=drive_copy,783.jpg
https://drive.google.com/file/d/1Fh_XrPCwRNFh2FzdypCmaq_7RIwLe_A8/view?usp=sharing,784.jpg
https://drive.google.com/file/d/1zzk1hXFnjjd6W_SqoLXd8YdLoUwXC7Cb/view?usp=drive_link,785.jpg
https://drive.google.com/open?id=1S4_tIln2ypEgkcKJxhO7pKRgaA5rAlOh&usp=drive_copy,786.jpg
https://drive.google.com/file/d/1rAUARkKkD18KSIcr-Hxsy7DETzhnsKPT/view?usp=drive_link,787.jpg
https://drive.google.com/file/d/1aksMokeLxHN0YRxlZEnNW70d1SM8GAUr/view?usp=drive_link,788.jpg
https://drive.google.com/file/d/1EEDauPaafVDUPBASldYVl2CbOQR9v9h4/view?usp=sharing,789.jpg
https://drive.google.com/file/d/1JYn32ljxRCNK4kO9LlEwt1NZt3XZtNcF/view?usp=drive_link,790.jpg
https://drive.google.com/file/d/1gclbTTycOL0tOGfng3Wopp-dcl3rqt_q/view?usp=drive_link,791.jpg
https://drive.google.com/file/d/12P0td1H2ShhJHMZEM5Fpy-fIrvjoXKSd/view?usp=drive_link,792.jpg
https://drive.google.com/file/d/1amWEq9F65N5BAZlL-Y9liGQ8Sg8wMnEm/view?usp=drive_link,793.jpg
https://drive.google.com/file/d/1AWadTgGM-rxF1g2BI4X19C_9ObLCLdZf/view?usp=drive_link,794.jpg
https://drive.google.com/file/d/1a6ZquqsaNAlDerHoZnqtdAtK8uOE_hND/view?usp=drive_link,795.jpg
https://drive.google.com/file/d/1pjfyaTDal7du25QW1CN8Nl145W_ZLIXf/view?usp=drive_link,796.jpg
https://drive.google.com/file/d/1ppZ2qjKh5_KGpFqIViecp09GnCk-Lcnd/view?usp=drive_link,797.jpg
https://drive.google.com/file/d/1snNg1i7sa1gS0LSBMh9HHBb4v6SaKZj6/view?usp=drive_link,798.jpg
https://drive.google.com/file/d/1SjIKYzuulcqDKw6bi_pByPHHEITZHig1/view?usp=drive_link,799.jpg
https://drive.google.com/file/d/12RVvwmGFHKU0kDAe-MBrt24_5zD01BB1/view?usp=drive_link,800.jpg
https://drive.google.com/file/d/1cpt0cwf91ZRDIb1715hqYSDLMfLxp2js/view?usp=drive_link,801.jpg
https://drive.google.com/file/d/10AwpVeQtKvRQflZPaQTJnQRy8UmoXhH-/view?usp=drive_link,802.jpg
https://drive.google.com/file/d/1AiPQKtxeHC8o_LYBwKfq8XRell6Vjq-3/view?usp=drive_link,803.jpg
https://drive.google.com/file/d/1JM7NKLnaqWqVZiSLGhbhxgOiKUhWtWOI/view?usp=drive_link,804.jpg
https://drive.google.com/file/d/1cI4yLtXdmn815n-x165kBJJZ-IiiAcX2/view?usp=drive_link,805.jpg
https://drive.google.com/file/d/1ka68KDp_ajnCpPyPN1QmCoYtzKaHSeNJ/view?usp=drive_link,806.jpg
https://drive.google.com/file/d/1u2Pw671f5E-Ka3wpxqDUkeMcRakK2M69/view?usp=drive_link,807.jpg
https://drive.google.com/file/d/1oobd06Ho69s_T4rgGmRWvsZS6bqV_dwe/view?usp=drive_link,808.jpg
https://drive.google.com/file/d/1CHma8jka9eIesuCPLUqvisje37UuzKTN/view?usp=drive_link,809.jpg
https://drive.google.com/file/d/1oq4RUARZAu1psUsc8YaluUYTKHGmfCAW/view?usp=drive_link,810.jpg
https://drive.google.com/file/d/1oG2N_w3i27XEtrxfFYbwdz8ZYg0I4k8-/view?usp=drive_link,811.jpg
https://drive.google.com/file/d/1_NBIFf3xBENqsesx7G2IlzB-433DoeYC/view?usp=drive_link,812.jpg
https://drive.google.com/file/d/1a9rEAnfqXuPOTmH7GcTwwiessUc3h0DP/view?usp=drive_link,813.jpg
https://drive.google.com/file/d/15un1K2yJXHnTZ5ffEB88Y9i4-4Y1jqoP/view?usp=drive_link,814.jpg
https://drive.google.com/file/d/1I9BhqXPfMDilgvkxDnsIpF5gUtWa5TMF/view?usp=drive_link,815.jpg
https://drive.google.com/file/d/1LURc3nrARdAstGCl9hNCWOnAPcJkJmQB/view?usp=drive_link,816.jpg
https://drive.google.com/file/d/1wn4AhWVfWFq-Oiw5kweHGsFxLS_qvJyE/view?usp=drive_link,817.jpg
https://drive.google.com/file/d/1e3Pb-RqKaRbFr_HeEoOofWfav23Go5Nw/view?usp=drive_link,818.jpg
https://drive.google.com/file/d/18pexZxGC4HHmd8gk51s0Dw2j4J3WLo3e/view?usp=drive_link,819.jpg
https://drive.google.com/file/d/1ukAFwh79GUWqQpmNtLjpCYURgUAocTCl/view?usp=drive_link,820.jpg
https://drive.google.com/file/d/1Qdti2Do1DNiML8wsdSod7kd9xHH2F0ft/view?usp=drive_link,821.jpg
https://drive.google.com/file/d/1ZOaMH8qR8M1mGtc0vfCdflnUWdttNIhn/view?usp=drive_link,822.jpg
https://drive.google.com/file/d/1IU2eLEy6TEZxzcfWZLEc6eMpiSoIOWzm/view?usp=drive_link,823.jpg
https://drive.google.com/file/d/15wOE_vgoa8PprJvd0cNt0GocQQpumzPL/view?usp=drive_link,824.jpg
https://drive.google.com/file/d/1Zh1kDnKS8Nq78e8pbOz6LvGkr3AX0hc9/view?usp=sharing,825.jpg
https://drive.google.com/file/d/1a5zLAmAuIk4fBUQK3Qatb6zLuOuUbO8m/view?usp=drive_link,826.jpg
https://drive.google.com/file/d/153pYrs22pnAiTeoiWLRef1SY7hQOrr9-/view?usp=sharing,827.jpg
https://drive.google.com/file/d/1cKQkfx4qqlvQk5cjq6q2CT5Bl5K1lH6f/view?usp=sharing,828.jpg
https://drive.google.com/file/d/1x9-g1MuA2sz1fkcf3f0wRmHIYCtnMlvr/view?usp=sharing,829.jpg
https://drive.google.com/file/d/12-FvaDOr0sfmjLDGV0m9IrXAZb_3xLmm/view?usp=drive_link,830.jpg
https://drive.google.com/file/d/1pZb6J1WrdrE4nNsFkGgtEThqd4_V71-n/view?usp=drive_link,831.jpg
https://drive.google.com/file/d/16EY9i3WyDXTCuOxmPG_105xsN8DoQeK-/view?usp=drive_link,832.jpg
https://drive.google.com/file/d/1siHtdPiZ31O3w5CGx1QZ9xDg9y7aI2p_/view?usp=sharing,833.jpg
https://drive.google.com/file/d/1_cQkF2tYVnjCECQikQuEsvv8pKFaO9JS/view?usp=drive_link,834.jpg
https://drive.google.com/file/d/1eZSI85d6INslvqmiqY82_G7qAQ4xyInc/view?usp=sharing,835.jpg
https://drive.google.com/file/d/1q0Gw_vjQ7DMpUyP41wsnGsQ1yfo-xaLu/view?usp=sharing,836.jpg
https://drive.google.com/file/d/1Ox1rAQ4evhO_9vPL5NHcqkQRobemQR8K/view?usp=sharing,837.jpg
https://drive.google.com/file/d/1IbaPR84wtARYqhuVlVEKUQp0f2y6dC5c/view?usp=sharing,838.jpg
https://drive.google.com/file/d/1iaiNKs_jbtY9D4xEDmsYVL3SdKO6IjmX/view?usp=drive_link,839.jpg
https://drive.google.com/file/d/1ExR9GbqpWCCEL6jJ2MZWUvb1b6eHNUSg/view?usp=drive_link,840.jpg
https://drive.google.com/file/d/1kMknfPNi2hbxpPLFNbBNmA9mEJjfXkDc/view?usp=sharing,841.jpg
https://drive.google.com/file/d/1BStPI933NJ2begQgQzGcNzsmsWb9P-GY/view?usp=drive_link,842.jpg
https://drive.google.com/file/d/1ffb7pjn3J4nCztBfG7hSHea31GH71ma1/view?usp=sharing,843.jpg
https://drive.google.com/file/d/12-AzubFEQlCwp1F7FgaF9zeNmj8h9NBn/view?usp=sharing,844.jpg
https://drive.google.com/file/d/1GVN0F8g7ctQHxacxkbyFhEQC7UShcQ_o/view?usp=sharing,845.jpg
https://drive.google.com/file/d/1c9bzdeqSSBM6OVsXcryTlfmfgqjf8yoi/view?usp=sharing,846.jpg
https://drive.google.com/file/d/1KVYXU-tDeQc3JaolntmdYcc3cZMjNm36/view?usp=sharing,847.jpg
https://drive.google.com/file/d/1MGf_HjrEx_yAABoKKNDNb5NQz933n8VP/view?usp=drive_link,848.jpg
https://drive.google.com/file/d/1vrNgObJlb0lgRBMFvhjGdYohCCdtejNZ/view?usp=drive_link,849.jpg
https://drive.google.com/file/d/1cwD87r1Ar4sFlLVkI35SZzBQQI4ZDg1D/view?usp=drive_link,850.jpg
https://drive.google.com/file/d/1hizdRRkPXJIeNhiZ3qALLx0vn1FcvWGj/view?usp=sharing,851.jpg
https://drive.google.com/file/d/15NT5TuU5GdgCAFnc2xbCn4yKW72k0PeG/view?usp=drive_link,852.jpg
https://drive.google.com/file/d/1oTgC7umt6bhQ2fSqjsJ6djVdrSwhW4S0/view?usp=drive_link,853.jpg
https://drive.google.com/file/d/1u_NrflSdLGvzWcYAGUWmrpDE2irp3Shc/view?usp=sharing,854.jpg
https://drive.google.com/file/d/1XUqaTUE-oFCDw0ewWgQXV75eCCzKJ8hs/view?usp=sharing,855.jpg
https://drive.google.com/file/d/16iQRkYWDBVzBxfSbOOBLM0qsMn5Nkclb/view?usp=sharing,856.jpg
https://drive.google.com/file/d/17hdiZO9W_zlkQGQdCxIleeT9pTLkS-lg/view?usp=drive_link,857.jpg
https://drive.google.com/file/d/1EoPS6jFrFSVv1rYywjrX5u0IOtpky0S1/view?usp=sharing,858.jpg
https://drive.google.com/file/d/1sYiIN5z7JjPfFVGCy5yi1WxpyltVZWWF/view?usp=drive_link,859.jpg
https://drive.google.com/file/d/1S-zUNiG4bkz4trUx8CnkhgfWvZVlTv15/view?usp=drive_link,860.jpg
https://drive.google.com/file/d/1jzF-thwZwTzV9J_WLlCF1_V2BVMOt69-/view?usp=sharing,861.jpg
https://drive.google.com/file/d/1g6BhsPqWHupQ3iwnss8MVt-gRT80My_v/view?usp=sharing,862.jpg
https://drive.google.com/file/d/1m7tM6xWizdscWiobbBzKf3EGFzejL1CT/view?usp=drive_link,863.jpg
https://drive.google.com/file/d/1qn1n1z_aq9lAn1onopcZFIHPAQAU9of2/view?usp=sharing,864.jpg
https://drive.google.com/file/d/1WMwHxv9jx7egq8f_K-x6cXQixXEniuH5/view?usp=drive_link,865.jpg
https://drive.google.com/file/d/1KFN9tVm7acPHAy8QUA88uY3xD3cVevcy/view?usp=sharing,866.jpg
https://drive.google.com/file/d/1JlqVA0dkRF2p6Qwxx0LcpduZWdnoybaZ/view?usp=sharing,867.jpg
https://drive.google.com/file/d/1akRxgeX8wlB8r_m7T5NphAOK3r3K_Rav/view?usp=sharing,868.jpg
https://drive.google.com/file/d/1mY_TuRMQy62xSLQ80DyTDP1fzu1MSwmn/view?usp=sharing,869.jpg
https://drive.google.com/file/d/1H-UsyzKobqvUBHOhYGwunwo7caz9gFsO/view?usp=sharing,870.jpg
https://drive.google.com/file/d/10mWDLQiL1Ad4QCq7FDlBj2sJ9em726DX/view?usp=sharing,871.jpg
https://drive.google.com/file/d/1kQbfCs3UF66WhBNIEQnJbA_Ht3u4aCy4/view?usp=drive_link,872.jpg
https://drive.google.com/file/d/1jYYTdA4tV3sjafNNolNL9Nb53xvSmPO_/view?usp=drive_link,873.jpg
https://drive.google.com/file/d/1kcVrnd2JFudwfISfz46vpHuHku5yKXQ8/view?usp=drive_link,874.jpg
https://drive.google.com/file/d/10LKa7RsGakPUbDwnzNL-ShnRzPPLd2j_/view?usp=drive_link,875.jpg
https://drive.google.com/file/d/1WdgcBzZUPbr2scY6WK9D5WAuy1rt-tNF/view?usp=drive_link,876.jpg
https://drive.google.com/file/d/1QQRrELa2PBe_PdGRWdjOgUaFBBqiindV/view?usp=drive_link,877.jpg
https://drive.google.com/file/d/1ldTRrpVyuNJVcD3JI8m8UFOZEsZwxPWj/view?usp=drive_link,878.jpg
https://drive.google.com/file/d/1JiRaW0hBfkDakzUTYfnrYiSAHz5nBDmQ/view?usp=drive_link,879.jpg
https://drive.google.com/file/d/1kYnnousKdTKsu5bQ-s5T4Wlc4C_a4YRy/view?usp=drive_link,880.jpg
https://drive.google.com/file/d/1MWDcufV4fHI68rU6s_k5vEs3yZQi2DAi/view?usp=drive_link,881.jpg
https://drive.google.com/file/d/1080tCnTi-P6nyrefmSsBM6iHGhXEDZ63/view?usp=drive_link,882.jpg
https://drive.google.com/file/d/1m9lHDBnVQD0AikML7aLHATKnbfkGgTP_/view?usp=drive_link,883.jpg
https://drive.google.com/file/d/13nike9u_SUOO0Eq5jdr-zGOjaG15_aGf/view?usp=drive_link,884.jpg
https://drive.google.com/file/d/1tT8lW_UDaOCFj_yIZn29fvaTpBac60iY/view?usp=drive_link,885.jpg
https://drive.google.com/file/d/1kKCjyYZiB0QisUTboi3mOdyYaEU9bcRw/view?usp=drive_link,886.jpg
https://drive.google.com/file/d/1DFcakY8AEMlPw28LI0hfh-WEqE-Odm_q/view?usp=drive_link,887.jpg
https://drive.google.com/file/d/1sNJQzLhewkbUUwGOoh7HN-oY-uRfxUd1/view?usp=drive_link,888.jpg
https://drive.google.com/file/d/1Mjj5eVrDTJxf5mabyfW5JI9HNFafb1lU/view?usp=drive_link,889.jpg
https://drive.google.com/file/d/1IbLxX0Psxktlcax_GgFGQyQrm2YOEJdS/view?usp=drive_link,890.jpg
https://drive.google.com/file/d/1Ht4SiFf0rwkMjIrugMBgJRxLxXT-09OY/view?usp=drive_link,891.jpg
https://drive.google.com/file/d/1ItRg_MWv3g9z5ka3Cl8-Xg9ZdnahLV3J/view?usp=drive_link,892.jpg
https://drive.google.com/file/d/1A_vWMmc9zZdPwy2k07AJ8qblyg3VOJ23/view?usp=drive_link,893.jpg
https://drive.google.com/file/d/1v5xhaL5I0zEcmeV9SpM9lJ4cdLc-nxVJ/view?usp=drive_link,894.jpg
https://drive.google.com/file/d/18xN_ox8VV6Da0r9iV30SoG0uF45ecWE1/view?usp=sharing,895.jpg
https://drive.google.com/file/d/1s1i8rJJGMjcbuYCti_ac9IkC3SeOlrCf/view?usp=sharing,896.jpg
https://drive.google.com/file/d/1SC3zIyATzEV0Cl8FpPQWzg3byY5yyf1K/view?usp=drive_link,897.jpg
https://drive.google.com/file/d/1cmf6mjKQ_MeEylpDM9FR2hvTjZVsQlem/view?usp=sharing,898.jpg
https://drive.google.com/file/d/1W7luaj1WQjwPFUzrquCWdZYnDpTUFPRH/view?usp=drive_link,899.jpg
https://drive.google.com/file/d/1ZqglqV2UWID9Gd2TXxezwFQ5IC32BN2x/view?usp=sharing,900.jpg
https://drive.google.com/file/d/1Zy8pm9eXoAQICD4vwzxrc9-pq0sKP4ki/view?usp=drive_link,901.jpg
https://drive.google.com/file/d/1p6cVdAtTVSAtynGh5MMqR-120Itvjsc9/view?usp=sharing,902.jpg
https://drive.google.com/file/d/1szjFOvWHlB_JTw9yCZzVvTBMfylcaoIB/view?usp=sharing,903.jpg
https://drive.google.com/file/d/1ziKRcYz7-J_RuEWc8aOyDbrBmXgsxN7R/view?usp=drive_link,904.jpg
https://drive.google.com/file/d/1B17P5HkMAyg9u9vB0SC8lZB6iNGMFDFD/view?usp=sharing,905.jpg
https://drive.google.com/file/d/1T0LWnu-Oj5_A4Ca4W0NOyLoT5C1sv3-Y/view?usp=drive_link,906.jpg
https://drive.google.com/file/d/19M-Igr_RDaVZAMsPQAx4hV94X1JxrbKQ/view?usp=drive_link,907.jpg
https://drive.google.com/file/d/17W5eQicwqoAg_fGktTkZ3bN9AFCWaY7V/view?usp=drive_link,908.jpg
https://drive.google.com/file/d/1v1qo0XIW1OFyPcr3Qz9p2RRM9PsyGWBy/view?usp=drive_link,909.jpg
https://drive.google.com/file/d/1t346mkW3N6rdlFqvFS9uLDwvfso5tcLW/view?usp=drive_link,910.jpg
https://drive.google.com/file/d/17MubZmH1V7WeCi-BX9kwLx1nh74KKRuv/view?usp=drive_link,911.jpg
https://drive.google.com/file/d/1FqQ6Ih_wQJJxadyIc6u4W3Zo9YQBn56C/view?usp=drive_link,912.jpg
https://drive.google.com/file/d/1Wfn3BDtLkz4eV6zeeI6gz6skbil4OJsC/view?usp=drive_link,913.jpg
https://drive.google.com/file/d/1-SkNW8cuzJp78ZbG66TQuSi4yOVhsmXv/view?usp=drive_link,914.jpg
https://drive.google.com/file/d/1-c3tWfow9P3mSUfkyJN5NYjBDHJfgJr0/view?usp=drive_link,915.jpg
https://drive.google.com/file/d/1NVaPUjog99DOH8FpEwfr9cU29VOWxfkO/view?usp=drive_link,916.jpg
https://drive.google.com/open?id=1MqS8tbBwFjJE0S2vCyKCJ3GtgMvcALVj&usp=drive_copy,917.jpg
https://drive.google.com/file/d/1l4_TYkQVFc5Il4oT-psMiB75t-mjg-zL/view?usp=sharing,918.jpg
https://drive.google.com/file/d/15G9w8U8xuMhMC0LFOsFcwnRLur3op49_/view?usp=drive_link,919.jpg
https://drive.google.com/file/d/1LOhAfaiSDLBSC9-7RYJhEbLW2TIM5u_3/view?usp=drive_link,920.jpg
https://drive.google.com/file/d/1qr70sx-iUgEmb2hcDiwHkOmnEyvJtboB/view?usp=drive_link,921.jpg
https://drive.google.com/file/d/1tkoYfO5XSPekr1EUrQdjgU7iUIKB_zQv/view?usp=drive_link,922.jpg
https://drive.google.com/file/d/1B-Om_afC57_ON2IYPX1FwOZyphyPnhs0/view?usp=drive_link,923.jpg
https://drive.google.com/file/d/1WQgHTHEb9pbOntWVlfaUP3nTKLskutJd/view?usp=drive_link,924.jpg
https://drive.google.com/file/d/1KntI6WNPszESWlT6wbICJeyfK66cQt5c/view?usp=drive_link,925.jpg
https://drive.google.com/file/d/1jPQDl33b1T_f1wCPxxLg7609ijB_nWIh/view?usp=drive_link,926.jpg
https://drive.google.com/file/d/1Wl42lyOCbtKdj40g5uBwSVqef21sGK_Q/view?usp=drive_link,927.jpg
https://drive.google.com/file/d/1eh2VXmXQyT6ymDWKp70AYcVxb0eyMrNd/view?usp=drive_link,928.jpg
https://drive.google.com/file/d/1i4NniBTlgIpsFXurTqi_VewAAohwE_fb/view?usp=drive_link,929.jpg
https://drive.google.com/file/d/1htsCwYxhJPjyOGKM0QMSynZVYW8DFVVW/view?usp=sharing,930.jpg
https://drive.google.com/open?id=1rJfu5AtVmZComJTxn5CvNTRKSgDHuqvW&usp=drive_copy,931.jpg
https://drive.google.com/file/d/11WFshdfDMjJsVG-xxucOnwkDtoqP1zfj/view?usp=drive_link,932.jpg
https://drive.google.com/file/d/15py628ShKfjIl9-QB95ZUm6IWQ7X106C/view?usp=drive_link,933.jpg
https://drive.google.com/open?id=1OP4LT1RBepJROpF5ioUsyKFd-4S7PfsG&usp=drive_copy,934.jpg
https://drive.google.com/file/d/1QYIEW-Lioi7SiJc6Y2Lgyn_lIXgJmAtp/view?usp=drive_link,935.jpg
https://drive.google.com/file/d/13ZqHNDPWKnvml5iGDlVGFjjB-T8iw0xA/view?usp=drive_link,936.jpg
https://drive.google.com/file/d/1QhTkCOP2n_bhBiwYnzR5MCuZL_dldmnj/view?usp=sharing,937.jpg
https://drive.google.com/file/d/1JMHWtwJ3Oz_eVUUdb417srox6xQuN3sM/view?usp=drive_link,938.jpg
https://drive.google.com/file/d/11u2_zNe-ts9zum4Jh7jMdhoEWlj1EOsg/view?usp=drive_link,939.jpg
https://drive.google.com/file/d/1zKm7gxFY_ckssppKXOt1wUIYZDOr882a/view?usp=drive_link,940.jpg
https://drive.google.com/file/d/1Ee6bjx7oZ1rfOKpdynIPBOE_367neI22/view?usp=drive_link,941.jpg
https://drive.google.com/file/d/1C2Ps02k4QDuwM-oAJmzkTynouy1DT1Mf/view?usp=drive_link,942.jpg
https://drive.google.com/file/d/1MF46NEXdDsxCRy9m47gPt0u8KgblUJUi/view?usp=drive_link,943.jpg
https://drive.google.com/file/d/1L4rzGZnJIFu6VaaMiu5DUxlp2cZvj7VC/view?usp=drive_link,944.jpg
https://drive.google.com/file/d/1mHJc1DZ491vWMAeF2JyKmyHoSB_bE4li/view?usp=drive_link,945.jpg
https://drive.google.com/file/d/12wmPgpeT1T8zggp7iaRyI7gveg8kZ59G/view?usp=drive_link,946.jpg
https://drive.google.com/file/d/1rShiLIZHd2F_cBF5RauJjp-VLOGh_aw2/view?usp=drive_link,947.jpg
https://drive.google.com/file/d/1Zmlleb92eXEpdvM4B_EfyyNTRoiBjHYB/view?usp=drive_link,948.jpg
https://drive.google.com/file/d/1wfGowgXr84wgUff51KTu8Xecxt89pBMn/view?usp=drive_link,949.jpg
https://drive.google.com/file/d/1YKQl6IViIKeB7GRE4vUFRUCFGX_IUL8f/view?usp=drive_link,950.jpg
https://drive.google.com/file/d/1vv59AaztgIDOvloFoar2zPKjTzp7mvDm/view?usp=drive_link,951.jpg
https://drive.google.com/file/d/1O7qJfr_CZXSutKzU63cgoZPNqXQdE2n0/view?usp=drive_link,952.jpg
https://drive.google.com/file/d/17dCb8k0b7IfcoUsBwRlMgEwysC36Rz3X/view?usp=drive_link,953.jpg
https://drive.google.com/file/d/1f_I2nvkSQBGHFb2BwCFb03CUAg-VJ25B/view?usp=drive_link,954.jpg
https://drive.google.com/file/d/1P0f84TQCrR1mvASwWVYrs-DHn25byShE/view?usp=drive_link,955.jpg
https://drive.google.com/file/d/14lpacLWVklCEjOFgt4FFGfU8-ZWPw-KC/view?usp=drive_link,956.jpg
https://drive.google.com/file/d/1-24c2KWUAgvO9hgrPOi8DOnRnKUVIjKe/view?usp=drive_link,957.jpg
https://drive.google.com/file/d/1Pp29Y0rFLEH7bZnyV5lZUc1FCFhiiymx/view?usp=drive_link,958.jpg
https://drive.google.com/file/d/1PRaG8sBoIbnUOKxtr513fFCOvF9bK0Dc/view?usp=sharing,959.jpg
https://drive.google.com/file/d/1BAjWTb1K_9JfkBlHKFM5Ee3dn8ebVQJK/view?usp=drive_link,960.jpg
https://drive.google.com/file/d/1_yterP9gpuSamkIIwioDJ9hjhDs6k7Oj/view?usp=sharing,961.jpg
https://drive.google.com/file/d/1eeU2n1XPk3gnhF3JO-cJ1XLEklt_wOCX/view?usp=drive_link,962.jpg
https://drive.google.com/file/d/1X3JpZswnxTWe6NBZkPXY5GM0C5iCUmL4/view?usp=sharing,963.jpg
https://drive.google.com/file/d/1dF43AC_FnILl2I-HOcBo4ITYL45CIZ5s/view?usp=drive_link,964.jpg
https://drive.google.com/file/d/1A_eY4SYOONjUKzKZuzIo4s7ddRcMVIDf/view?usp=sharing,965.jpg
https://drive.google.com/file/d/1AB7-5gJwTRb-mfibpqYf4lVSGShhH2Is/view?usp=sharing,966.jpg
https://drive.google.com/file/d/1n5k3e0CiwKAV1ooMzJMd7VjJjabRq4k5/view?usp=drive_link,967.jpg
https://drive.google.com/file/d/11JB4CFspqoOPf2iwW1nQTfD_31uAB_1z/view?usp=drive_link,968.jpg
https://drive.google.com/file/d/1CZc8qZTzI9zqBrOkRpjeAOfsQeWuqYoO/view?usp=drive_link,969.jpg
https://drive.google.com/file/d/18VRCfl1RAhXyQVanZnRWkEY9OyGYuSJo/view?usp=drive_link,970.jpg
https://drive.google.com/file/d/1CZX8CPnDo5pxC11S9LpF9c8631bkgJoE/view?usp=drive_link,971.jpg
https://drive.google.com/file/d/1lFItS8iC1DAbLfGuuNn5WYjDSKt2OvU-/view?usp=drive_link,972.jpg
https://drive.google.com/file/d/1HwoxByJof0DCj9N81T5uAPLE47KWUUG1/view?usp=drive_link,973.jpg
https://drive.google.com/file/d/1lpfagstB_0xebupViJZ2C1-dmf_IV4Kk/view?usp=drive_link,974.jpg
https://drive.google.com/file/d/1JGduFPc3hErLNijw63w41wYH3T7vejiC/view?usp=sharing,975.jpg
https://drive.google.com/file/d/1JBvA6rMNoplC1_ouzscqN586TNLH_5d0/view?usp=drive_link,976.jpg
https://drive.google.com/file/d/1PLCua7A8JjMfAVdWxPYmtxZmHdLoPzD1/view?usp=sharing,977.jpg
https://drive.google.com/file/d/1FjjLPLmNbzG3Y35CAPT-oyN30VKETt7l/view?usp=drive_link,978.jpg
https://drive.google.com/file/d/1vgAYDTS-O6OEZ4Wmd0v5FLYJPFcJU2oc/view?usp=drive_link,979.jpg
https://drive.google.com/file/d/1vmg4TsmrtbYfXhY-wPcqKCSfD3CWS8Kl/view?usp=sharing,980.jpg
https://drive.google.com/file/d/1tRBQGjcUZvlvnNkH8CnLFignQawwkMSp/view?usp=drive_link,981.jpg
https://drive.google.com/file/d/16a8hUnBv5xMFnwyNlAhcDziF8O2B0G_h/view?usp=sharing,982.jpg
https://drive.google.com/file/d/1uBmAkSPywjnsMSQJjho0yc00NRrf7zBz/view?usp=sharing,983.jpg
https://drive.google.com/file/d/1t-026y6XP-pi4gVvjftcxLh5fk0RnpcL/view?usp=sharing,984.jpg
https://drive.google.com/file/d/1I4HOF2-6lL6iKdgXECEzDily8_OIvcnT/view?usp=sharing,985.jpg
https://drive.google.com/file/d/1ijt0ecisBDCbnP9iQ5cHp7WQlGPwmTpO/view?usp=sharing,986.jpg
https://drive.google.com/file/d/1huKsrt0vscJdYRLnIRD8v8_YgIjZl1Tm/view?usp=sharing,987.jpg
https://drive.google.com/file/d/1t_00NWomSsqhPeinAZhZcyx6Fzcn3uZD/view?usp=sharing,988.jpg
https://drive.google.com/file/d/12Y4uqZNuPSg8HgswTCK3obdaz50gCnDn/view?usp=sharing,989.jpg
https://drive.google.com/file/d/17cJiD1zpyqK4nBNN7ya1mfE9DQlKxJQm/view?usp=sharing,990.jpg
https://drive.google.com/file/d/1KeHog1u5MnwSfzyD9yBj4oIlp2YAyHwf/view?usp=sharing,991.jpg
https://drive.google.com/file/d/1jV1VtMwZ0-4W-NqPIDF35GXXbAIeBiM8/view?usp=sharing,992.jpg
https://drive.google.com/file/d/16jJWf3eLYQiWH3-6BkyLghQMMaNLxJay/view?usp=sharing,993.jpg
https://drive.google.com/file/d/180Vk6BvitDkwytr0yGv0Wb3wtx8-2D8_/view?usp=sharing,994.jpg
https://drive.google.com/file/d/1FK97F0rS8LTIXbo5OdxVuIloeA1-jeHr/view?usp=sharing,995.jpg
https://drive.google.com/file/d/1cZuUvxfxc9jrn57Y99LQosxbvUvv8V-R/view?usp=sharing,996.jpg
https://drive.google.com/file/d/1CY5PLw_DW_F4ZZCed1eIaQEOb-3QH5ru/view?usp=sharing,997.jpg
https://drive.google.com/file/d/12nP76W8fOMLj_IVrgdFsOE5icLq89Xpr/view?usp=drive_link,998.jpg
https://drive.google.com/file/d/1l0VcV571sh8CPMn2No5S-IgUUDRsgLq_/view?usp=sharing,999.jpg
https://drive.google.com/file/d/1ZAftU_pXDRMyfkE86fy5U3rPg0tTi1hz/view?usp=sharing,1000.jpg
https://drive.google.com/file/d/1K45MgxXqPYoGwF_Ck9c26oX8B4Q6Oafv/view?usp=sharing,1001.jpg
https://drive.google.com/file/d/1Ov4_xFiqnjvKNN5Un7xhg3L3BWieCiaz/view?usp=sharing,1002.jpg
https://drive.google.com/file/d/1KskrjJ1I6dTgmaaRpMZPdIRFbz5zu4od/view?usp=sharing,1003.jpg
https://drive.google.com/file/d/1AaGI8KuAaJfPPgwkXSBsNDbxRKhSAluM/view?usp=sharing,1004.jpg
https://drive.google.com/file/d/1uK9xKfyrNjXoEwvNPCJiCLHI5qN7JAcc/view?usp=sharing,1005.jpg
https://drive.google.com/file/d/17vlVtB08gJECMAm112EAZx3aEOV-ajTK/view?usp=sharing,1006.jpg
https://drive.google.com/file/d/1SBNnoHm2DQ-ao5gfMeK2UcbNpRXoO47f/view?usp=sharing,1007.jpg
https://drive.google.com/file/d/1EUMVkI6asoBt7l80JfW7XQ4KWT27fZDe/view?usp=sharing,1008.jpg
https://drive.google.com/file/d/1--Dsh79NQFoIe97rn3Clv7DVEK8PAaTM/view?usp=sharing,1009.jpg
https://drive.google.com/file/d/1aAOQBeFgBrn0pCS_3eath34IXjU9eIaw/view?usp=drive_link,1010.jpg